course_id,score_mean,score_std,score_median,pass_rate,excellent_rate,student_count,credit,class_hours,practice_hours,total_hours,practice_ratio,share_flag,is_online,teacher_rank
11AC01,79.2400,12.0564,80.0000,1.0000,0.2400,25,4.0000,64.0000,0.0000,64.0000,0.0000,1.0000,0,3
11AC02,80.8000,12.1244,80.0000,1.0000,0.2800,25,3.0000,48.0000,0.0000,48.0000,0.0000,1.0000,0,3
11AC03,79.0800,11.9997,79.0000,1.0000,0.2400,25,4.0000,64.0000,0.0000,64.0000,0.0000,1.0000,0,3
11AC04,80.6400,11.8564,81.0000,1.0000,0.2800,25,3.0000,48.0000,0.0000,48.0000,0.0000,1.0000,0,3
11AC05,80.5600,12.1521,80.0000,1.0000,0.2800,25,3.0000,48.0000,0.0000,48.0000,0.0000,1.0000,0,3
11AC06,80.6400,12.2640,82.0000,1.0000,0.3200,25,3.0000,48.0000,0.0000,48.0000,0.0000,0.0000,0,3
11AC07,79.0800,12.1858,78.0000,1.0000,0.2800,25,2.0000,32.0000,0.0000,32.0000,0.0000,0.0000,0,3
11AC08,79.1600,12.2361,78.0000,1.0000,0.2400,25,4.0000,64.0000,0.0000,64.0000,0.0000,0.0000,0,3
11AC09,80.8800,11.9594,82.0000,1.0000,0.2800,25,3.0000,48.0000,0.0000,48.0000,0.0000,0.0000,0,3
11AC10,79.3200,11.7286,79.0000,1.0000,0.2400,25,2.0000,32.0000,0.0000,32.0000,0.0000,0.0000,0,3
11B0001,76.5600,12.2749,73.0000,1.0000,0.2400,25,4.0000,64.0000,0.0000,64.0000,0.0000,1.0000,0,1
11B0002,77.7600,10.6234,79.0000,1.0000,0.2000,25,2.0000,48.0000,0.0000,48.0000,0.0000,1.0000,0,1
11B0003,82.2400,10.6234,81.0000,1.0000,0.2800,25,4.0000,64.0000,0.0000,64.0000,0.0000,1.0000,0,1
11B0004,83.4400,12.2749,87.0000,1.0000,0.3600,25,2.0000,48.0000,0.0000,48.0000,0.0000,1.0000,0,1
11B0005,79.7200,12.7362,78.0000,1.0000,0.2400,25,4.0000,64.0000,0.0000,64.0000,0.0000,1.0000,0,1
11B0006,76.8800,11.7307,78.0000,1.0000,0.2400,25,2.0000,48.0000,0.0000,48.0000,0.0000,0.0000,0,1
11B0007,78.9600,11.3999,79.0000,1.0000,0.2400,25,3.0000,48.0000,0.0000,48.0000,0.0000,0.0000,0,1
11B0008,81.0400,11.3999,81.0000,1.0000,0.2800,25,3.0000,48.0000,0.0000,48.0000,0.0000,0.0000,0,1
11B0009,83.1200,11.7307,82.0000,1.0000,0.3200,25,2.0000,32.0000,0.0000,32.0000,0.0000,0.0000,0,1
11B0010,80.2800,12.7362,82.0000,1.0000,0.2400,25,4.0000,64.0000,0.0000,64.0000,0.0000,0.0000,0,1
11C001,75.6000,10.7548,72.0000,1.0000,0.2000,25,4.0000,48.0000,0.0000,48.0000,0.0000,1.0000,0,1
11C002,76.2000,11.0755,73.0000,1.0000,0.2000,25,3.0000,48.0000,0.0000,48.0000,0.0000,1.0000,0,1
11C003,76.8000,11.3725,74.0000,1.0000,0.2000,25,3.0000,40.0000,0.0000,40.0000,0.0000,0.0000,0,1
11C004,77.4000,11.6476,75.0000,1.0000,0.2000,25,2.0000,36.0000,0.0000,36.0000,0.0000,1.0000,0,1
11C005,78.0000,11.9024,76.0000,1.0000,0.2000,25,2.0000,32.0000,0.0000,32.0000,0.0000,0.0000,0,1
11C006,79.0000,11.9024,77.0000,1.0000,0.2000,25,3.0000,48.0000,0.0000,48.0000,0.0000,1.0000,0,1
11C007,80.0000,11.9024,78.0000,1.0000,0.2000,25,3.0000,40.0000,0.0000,40.0000,0.0000,0.0000,0,1
11C008,81.0000,11.9024,79.0000,1.0000,0.2000,25,2.0000,32.0000,0.0000,32.0000,0.0000,1.0000,0,1
11C009,74.0000,10.4083,70.0000,1.0000,0.2000,25,2.0000,40.0000,0.0000,40.0000,0.0000,0.0000,0,1
11C010,75.0000,10.4083,71.0000,1.0000,0.2000,25,2.0000,36.0000,0.0000,36.0000,0.0000,1.0000,0,1
15A001,87.2800,7.9566,89.0000,1.0000,0.4400,50,4.0000,64.0000,0.0000,64.0000,0.0000,1.0000,0,1
15A002,85.0600,8.5294,87.5000,1.0000,0.4200,50,4.0000,64.0000,0.0000,64.0000,0.0000,1.0000,0,1
15A003,83.9000,8.3330,81.5000,1.0000,0.3200,50,4.0000,64.0000,0.0000,64.0000,0.0000,1.0000,0,1
15A004,83.4800,9.2763,84.5000,1.0000,0.2800,50,4.0000,64.0000,0.0000,64.0000,0.0000,1.0000,0,1
15A005,86.1800,9.0524,87.5000,1.0000,0.4600,50,4.0000,64.0000,0.0000,64.0000,0.0000,1.0000,0,1
15B001,87.2400,8.2278,88.0000,1.0000,0.4800,50,4.0000,64.0000,0.0000,64.0000,0.0000,1.0000,0,1
15B002,86.3600,8.7008,88.5000,1.0000,0.4600,50,4.0000,64.0000,0.0000,64.0000,0.0000,1.0000,0,1
15B003,82.5600,8.2417,84.0000,1.0000,0.2400,50,4.0000,64.0000,0.0000,64.0000,0.0000,1.0000,0,1
15B004,83.5000,8.3770,85.0000,1.0000,0.2200,50,4.0000,64.0000,0.0000,64.0000,0.0000,1.0000,0,1
15B005,86.1400,8.6213,88.5000,1.0000,0.4600,50,4.0000,64.0000,0.0000,64.0000,0.0000,1.0000,0,1
15C001,82.8200,8.1182,83.0000,1.0000,0.2200,50,4.0000,64.0000,0.0000,64.0000,0.0000,1.0000,0,1
15C002,85.1800,7.8913,85.0000,1.0000,0.3600,50,4.0000,64.0000,0.0000,64.0000,0.0000,1.0000,0,1
15C003,83.4200,8.9468,82.5000,1.0000,0.3000,50,4.0000,64.0000,0.0000,64.0000,0.0000,1.0000,0,1
15C004,86.4000,8.1891,87.5000,1.0000,0.4400,50,4.0000,64.0000,0.0000,64.0000,0.0000,1.0000,0,1
15C005,83.9400,9.6032,83.0000,1.0000,0.3400,50,4.0000,64.0000,0.0000,64.0000,0.0000,1.0000,0,1
16B101,0.0000,0.0000,0.0000,0.0000,0.0000,25,4.0000,56.0000,8.0000,64.0000,0.1250,1.0000,0,1
16B102,0.0000,0.0000,0.0000,0.0000,0.0000,25,3.0000,48.0000,0.0000,48.0000,0.0000,1.0000,0,1
16B103,0.0000,0.0000,0.0000,0.0000,0.0000,25,4.0000,48.0000,16.0000,64.0000,0.2500,0.0000,0,1
16B104,0.0000,0.0000,0.0000,0.0000,0.0000,25,3.0000,32.0000,16.0000,48.0000,0.3333,1.0000,0,1
16B105,0.0000,0.0000,0.0000,0.0000,0.0000,25,3.0000,40.0000,8.0000,48.0000,0.1667,1.0000,0,1
16B106,0.0000,0.0000,0.0000,0.0000,0.0000,25,3.0000,40.0000,8.0000,48.0000,0.1667,0.0000,0,1
16B107,0.0000,0.0000,0.0000,0.0000,0.0000,25,4.0000,48.0000,16.0000,64.0000,0.2500,1.0000,0,1
16B108,0.0000,0.0000,0.0000,0.0000,0.0000,25,3.0000,40.0000,8.0000,48.0000,0.1667,0.0000,0,1
16B109,0.0000,0.0000,0.0000,0.0000,0.0000,25,3.0000,32.0000,16.0000,48.0000,0.3333,1.0000,0,1
16B110,0.0000,0.0000,0.0000,0.0000,0.0000,25,3.0000,40.0000,8.0000,48.0000,0.1667,1.0000,0,1
16C101,0.0000,0.0000,0.0000,0.0000,0.0000,26,4.0000,64.0000,0.0000,64.0000,0.0000,1.0000,0,1
16C102,0.0000,0.0000,0.0000,0.0000,0.0000,25,4.0000,64.0000,0.0000,64.0000,0.0000,1.0000,0,1
16C103,0.0000,0.0000,0.0000,0.0000,0.0000,16,3.0000,48.0000,0.0000,48.0000,0.0000,0.0000,0,1
16C104,0.0000,0.0000,0.0000,0.0000,0.0000,21,2.0000,32.0000,0.0000,32.0000,0.0000,1.0000,0,1
16C105,0.0000,0.0000,0.0000,0.0000,0.0000,28,3.0000,48.0000,0.0000,48.0000,0.0000,1.0000,0,1
16C106,0.0000,0.0000,0.0000,0.0000,0.0000,21,3.0000,48.0000,0.0000,48.0000,0.0000,0.0000,0,1
16C107,0.0000,0.0000,0.0000,0.0000,0.0000,29,2.0000,32.0000,0.0000,32.0000,0.0000,1.0000,0,1
16C108,0.0000,0.0000,0.0000,0.0000,0.0000,23,3.0000,48.0000,0.0000,48.0000,0.0000,0.0000,0,1
16C109,0.0000,0.0000,0.0000,0.0000,0.0000,31,2.0000,32.0000,0.0000,32.0000,0.0000,1.0000,0,1
16C110,0.0000,0.0000,0.0000,0.0000,0.0000,30,3.0000,48.0000,0.0000,48.0000,0.0000,1.0000,0,1
28A001,0.0000,0.0000,0.0000,0.0000,0.0000,4,,,,,0.0000,,0,1
28A002,0.0000,0.0000,0.0000,0.0000,0.0000,4,,,,,0.0000,,0,1
28A004,0.0000,0.0000,0.0000,0.0000,0.0000,3,,,,,0.0000,,0,1
28A006,0.0000,0.0000,0.0000,0.0000,0.0000,5,,,,,0.0000,,0,1
28A009,0.0000,0.0000,0.0000,0.0000,0.0000,8,,,,,0.0000,,0,1
28B0001,0.0000,0.0000,0.0000,0.0000,0.0000,6,,,,,0.0000,,0,1
28B0003,0.0000,0.0000,0.0000,0.0000,0.0000,2,,,,,0.0000,,0,1
28B0004,0.0000,0.0000,0.0000,0.0000,0.0000,7,,,,,0.0000,,0,1
28B0007,0.0000,0.0000,0.0000,0.0000,0.0000,3,,,,,0.0000,,0,1
28B0009,0.0000,0.0000,0.0000,0.0000,0.0000,8,,,,,0.0000,,0,1
28C001,0.0000,0.0000,0.0000,0.0000,0.0000,22,3.0000,48.0000,,,0.0000,1.0000,0,3
28C002,0.0000,0.0000,0.0000,0.0000,0.0000,20,3.0000,48.0000,,,0.0000,1.0000,0,3
28C003,0.0000,0.0000,0.0000,0.0000,0.0000,22,2.0000,32.0000,,,0.0000,0.0000,0,3
28C004,0.0000,0.0000,0.0000,0.0000,0.0000,16,3.0000,48.0000,,,0.0000,1.0000,0,3
28C005,0.0000,0.0000,0.0000,0.0000,0.0000,18,2.0000,32.0000,,,0.0000,0.0000,0,3
28C006,0.0000,0.0000,0.0000,0.0000,0.0000,20,3.0000,48.0000,,,0.0000,1.0000,0,3
28C007,0.0000,0.0000,0.0000,0.0000,0.0000,21,2.0000,32.0000,,,0.0000,0.0000,0,3
28C008,0.0000,0.0000,0.0000,0.0000,0.0000,19,3.0000,48.0000,,,0.0000,1.0000,0,3
28C009,0.0000,0.0000,0.0000,0.0000,0.0000,21,2.0000,32.0000,,,0.0000,0.0000,0,3
28C010,0.0000,0.0000,0.0000,0.0000,0.0000,21,3.0000,48.0000,,,0.0000,0.0000,0,3
A-C001,73.8400,12.5688,76.5000,0.8200,0.1000,50,4.0000,64.0000,0.0000,64.0000,0.0000,1.0000,0,3
A-C002,76.7000,10.9213,77.0000,0.9400,0.1600,50,3.0000,48.0000,0.0000,48.0000,0.0000,1.0000,0,3
A-C003,76.2400,11.6243,75.0000,0.9400,0.1600,50,3.0000,48.0000,0.0000,48.0000,0.0000,1.0000,0,3
A-C004,77.8800,11.2207,79.5000,0.9600,0.2200,50,3.0000,48.0000,0.0000,48.0000,0.0000,1.0000,0,3
A-C005,75.0400,12.1738,75.5000,0.9000,0.1400,50,3.0000,48.0000,0.0000,48.0000,0.0000,1.0000,0,3
A0000001,81.0800,11.6402,85.0000,1.0000,0.3200,25,4.0000,,,,0.0000,0.0000,0,1
A0000002,82.0800,12.6357,80.0000,1.0000,0.4000,25,4.0000,,,,0.0000,0.0000,0,1
A0000003,78.1600,12.2735,78.0000,1.0000,0.2000,25,3.0000,,,,0.0000,0.0000,0,1
A0000004,79.1600,11.2460,81.0000,1.0000,0.1600,25,3.0000,,,,0.0000,0.0000,0,1
A0000005,81.8000,11.1505,85.0000,1.0000,0.3200,25,2.0000,,,,0.0000,0.0000,0,1
A0000006,83.5200,12.3596,88.0000,1.0000,0.4400,25,3.0000,,,,0.0000,0.0000,0,1
A0000007,80.3200,13.6220,80.0000,1.0000,0.3200,25,3.0000,,,,0.0000,0.0000,0,1
A0000008,77.1200,12.7943,78.0000,1.0000,0.2000,25,3.0000,,,,0.0000,0.0000,0,1
A0000009,77.2000,11.1505,74.0000,1.0000,0.2000,25,2.0000,,,,0.0000,0.0000,0,1
A0000010,80.5600,11.2845,78.0000,1.0000,0.2800,25,3.0000,,,,0.0000,0.0000,0,1
A0001,78.8696,8.4869,78.0000,1.0000,0.1304,23,4.0000,0.0000,,,0.0000,1.0000,0,3
A0002,80.1818,11.7672,80.0000,1.0000,0.2121,33,4.0000,0.0000,,,0.0000,1.0000,0,3
A0003,81.6316,9.4881,83.0000,1.0000,0.1579,19,3.0000,0.0000,,,0.0000,1.0000,0,3
A0004,77.8966,8.4951,79.0000,1.0000,0.1034,29,3.0000,0.0000,,,0.0000,1.0000,0,3
A0005,79.4231,7.1787,79.5000,1.0000,0.1154,26,3.0000,0.0000,,,0.0000,1.0000,0,3
A0006,77.5385,9.8964,80.5000,1.0000,0.1154,26,3.0000,0.0000,,,0.0000,1.0000,0,3
A0007,76.5000,10.5253,77.5000,1.0000,0.1250,24,3.0000,32.0000,8.0000,40.0000,0.2000,0.0000,0,3
A0008,78.1000,9.9573,77.5000,1.0000,0.1000,20,3.0000,32.0000,8.0000,40.0000,0.2000,0.0000,0,3
A0009,81.4800,10.6736,80.0000,1.0000,0.2000,25,2.0000,48.0000,8.0000,56.0000,0.1429,0.0000,0,3
A001,75.2778,11.4830,71.5000,1.0000,0.1667,18,2.0000,32.0000,16.0000,48.0000,0.3333,0.0000,0,3
A0010,75.2000,9.9875,77.0000,1.0000,0.0800,25,2.0000,48.0000,16.0000,64.0000,0.2500,0.0000,0,3
A002,77.7222,11.4932,76.5000,1.0000,0.2222,18,3.0000,32.0000,16.0000,48.0000,0.3333,0.0000,0,3
A003,78.8710,12.0132,80.0000,1.0000,0.2258,31,3.0000,32.0000,16.0000,48.0000,0.3333,1.0000,0,3
A004,77.9167,12.1043,80.0000,1.0000,0.2083,24,2.0000,32.0000,16.0000,48.0000,0.3333,0.0000,1,3
A005,78.7419,11.2575,78.0000,1.0000,0.2581,31,2.0000,32.0000,16.0000,48.0000,0.3333,0.0000,0,3
A006,76.9048,10.6860,77.0000,1.0000,0.1429,21,4.0000,32.0000,16.0000,48.0000,0.3333,1.0000,0,3
A007,76.4615,12.3036,78.0000,1.0000,0.1923,26,2.0000,32.0000,16.0000,48.0000,0.3333,0.0000,0,2
A008,77.7200,10.4424,79.0000,1.0000,0.1600,25,2.0000,32.0000,16.0000,48.0000,0.3333,0.0000,0,3
A009,81.1786,10.4103,81.0000,1.0000,0.2500,28,3.0000,32.0000,16.0000,48.0000,0.3333,0.0000,1,3
A010,79.2857,11.4143,80.0000,1.0000,0.2857,28,2.0000,32.0000,16.0000,48.0000,0.3333,1.0000,0,2
A101,79.0312,14.4076,80.0000,0.9062,0.2500,32,4.0000,56.0000,24.0000,80.0000,0.3000,1.0000,0,3
A102,79.9600,10.4661,80.0000,0.9600,0.1600,25,3.0000,32.0000,16.0000,48.0000,0.3333,1.0000,0,3
A103,79.9600,14.8169,85.0000,0.9200,0.3200,25,4.0000,48.0000,32.0000,80.0000,0.4000,1.0000,0,3
A104,75.9524,14.2003,76.0000,0.8571,0.1429,21,3.0000,40.0000,16.0000,56.0000,0.2857,1.0000,0,3
A105,78.0000,12.0830,82.0000,0.9048,0.1905,21,4.0000,64.0000,16.0000,80.0000,0.2000,1.0000,0,3
A106,78.0556,11.3887,81.0000,0.9444,0.1111,18,4.0000,48.0000,32.0000,80.0000,0.4000,1.0000,0,3
A107,78.1250,11.4010,78.5000,0.8750,0.1875,16,3.0000,48.0000,8.0000,56.0000,0.1429,1.0000,0,3
A108,74.4545,15.8887,76.0000,0.8182,0.1818,22,3.0000,32.0000,16.0000,48.0000,0.3333,1.0000,0,3
A109,78.2105,11.6026,81.0000,0.8947,0.1053,19,4.0000,56.0000,24.0000,80.0000,0.3000,1.0000,0,3
A110,77.8261,14.3706,79.0000,0.8696,0.2174,23,4.0000,48.0000,32.0000,80.0000,0.4000,0.0000,0,3
A111,74.8421,13.1118,72.0000,0.9474,0.1579,19,3.0000,32.0000,16.0000,48.0000,0.3333,1.0000,0,3
A112,81.0500,13.3908,81.5000,0.9000,0.3000,20,3.0000,32.0000,16.0000,48.0000,0.3333,1.0000,0,3
A113,74.6667,15.5804,78.0000,0.8889,0.1111,9,3.0000,40.0000,16.0000,56.0000,0.2857,1.0000,0,3
A114,79.6667,13.8946,79.5000,0.9444,0.2778,18,4.0000,56.0000,24.0000,80.0000,0.3000,1.0000,0,3
A115,73.7895,12.8304,75.0000,0.8421,0.1579,19,4.0000,64.0000,16.0000,80.0000,0.2000,0.0000,0,3
A116,76.7000,12.5325,78.0000,0.9000,0.1500,20,3.0000,32.0000,16.0000,48.0000,0.3333,1.0000,0,3
A117,80.6154,16.9977,83.0000,0.8462,0.3077,13,3.0000,40.0000,16.0000,56.0000,0.2857,0.0000,0,3
A118,71.4615,10.3651,72.0000,0.9231,0.0000,13,3.0000,32.0000,16.0000,48.0000,0.3333,1.0000,0,3
A119,79.0000,11.6150,79.0000,1.0000,0.2500,12,2.0000,16.0000,16.0000,32.0000,0.5000,1.0000,0,3
A120,77.2941,13.9989,81.0000,0.9412,0.1765,17,3.0000,48.0000,8.0000,56.0000,0.1429,0.0000,0,3
A121,73.8421,11.1518,75.0000,0.9474,0.1053,19,3.0000,40.0000,16.0000,56.0000,0.2857,1.0000,0,3
A122,77.4762,12.4242,75.0000,0.9524,0.2381,21,3.0000,40.0000,16.0000,56.0000,0.2857,1.0000,0,3
A123,73.6000,11.3574,72.5000,0.9500,0.1000,20,2.0000,32.0000,0.0000,32.0000,0.0000,0.0000,0,3
A124,82.0000,14.3666,87.0000,0.9091,0.3636,11,3.0000,32.0000,16.0000,48.0000,0.3333,0.0000,0,3
A125,72.6667,17.6989,68.0000,0.6667,0.2222,9,2.0000,24.0000,8.0000,32.0000,0.2500,1.0000,0,3
A126,82.2000,10.4758,79.0000,1.0000,0.2667,15,3.0000,48.0000,8.0000,56.0000,0.1429,0.0000,0,3
A127,79.8824,16.7812,87.0000,0.8824,0.4706,17,2.0000,24.0000,8.0000,32.0000,0.2500,1.0000,0,3
A128,75.3333,11.6333,80.0000,0.9167,0.0833,12,2.0000,16.0000,16.0000,32.0000,0.5000,0.0000,0,3
A129,82.6154,12.6329,84.0000,0.9231,0.3846,13,3.0000,48.0000,8.0000,56.0000,0.1429,0.0000,0,3
A130,76.8125,17.3098,78.5000,0.8125,0.3125,16,3.0000,32.0000,16.0000,48.0000,0.3333,1.0000,0,3
A131,73.0000,16.0935,73.0000,0.8000,0.2000,5,2.0000,16.0000,16.0000,32.0000,0.5000,1.0000,0,3
A132,71.3750,16.5005,74.5000,0.7500,0.1250,8,2.0000,16.0000,16.0000,32.0000,0.5000,0.0000,0,3
A133,81.8000,10.7564,82.0000,1.0000,0.2000,5,3.0000,32.0000,16.0000,48.0000,0.3333,1.0000,0,3
A134,86.2500,14.9750,89.0000,1.0000,0.5000,4,3.0000,32.0000,16.0000,48.0000,0.3333,0.0000,0,3
A135,75.0000,11.2990,77.0000,0.8571,0.0000,7,3.0000,40.0000,16.0000,56.0000,0.2857,1.0000,0,3
A136,73.0000,9.8150,72.0000,1.0000,0.0000,7,4.0000,56.0000,24.0000,80.0000,0.3000,1.0000,0,3
A137,79.3000,11.1560,78.5000,0.9000,0.2000,10,2.0000,32.0000,0.0000,32.0000,0.0000,0.0000,0,3
A138,76.1111,11.5374,75.0000,1.0000,0.1111,9,2.0000,16.0000,16.0000,32.0000,0.5000,1.0000,0,3
A139,78.6667,12.8452,76.0000,1.0000,0.3333,9,2.0000,24.0000,8.0000,32.0000,0.2500,1.0000,0,3
A14-C001,81.2400,12.2280,81.0000,1.0000,0.3600,25,4.0000,64.0000,0.0000,64.0000,0.0000,1.0000,0,3
A14-C002,79.3600,12.1754,79.0000,1.0000,0.2400,25,3.0000,48.0000,0.0000,48.0000,0.0000,1.0000,0,3
A14-C003,80.8400,11.7533,83.0000,1.0000,0.3200,25,3.0000,48.0000,0.0000,48.0000,0.0000,1.0000,0,3
A14-C004,80.6800,12.2329,79.0000,1.0000,0.3200,25,3.0000,48.0000,0.0000,48.0000,0.0000,1.0000,0,3
A14-C005,78.7600,12.9238,76.0000,1.0000,0.2400,25,2.0000,32.0000,0.0000,32.0000,0.0000,1.0000,0,3
A14-C006,78.1600,11.0291,78.0000,1.0000,0.1600,25,3.0000,48.0000,0.0000,48.0000,0.0000,1.0000,0,3
A14-C007,80.8400,10.6485,82.0000,1.0000,0.2400,25,4.0000,64.0000,0.0000,64.0000,0.0000,1.0000,0,3
A14-C008,83.0400,12.4749,83.0000,1.0000,0.4400,25,3.0000,48.0000,0.0000,48.0000,0.0000,1.0000,0,3
A14-C009,78.1200,12.4677,76.0000,1.0000,0.2400,25,2.0000,32.0000,0.0000,32.0000,0.0000,1.0000,0,3
A14-C010,78.0800,11.8213,77.0000,1.0000,0.2400,25,2.0000,32.0000,0.0000,32.0000,0.0000,1.0000,0,3
A140,73.6250,9.9991,76.5000,0.8750,0.0000,8,2.0000,16.0000,16.0000,32.0000,0.5000,0.0000,0,3
A141,75.4444,14.2576,77.0000,0.8889,0.2222,9,3.0000,40.0000,16.0000,56.0000,0.2857,1.0000,0,3
A142,76.0000,16.2788,76.0000,0.8571,0.1429,7,2.0000,32.0000,0.0000,32.0000,0.0000,0.0000,0,3
A143,76.8333,12.2052,74.0000,1.0000,0.1667,6,2.0000,16.0000,16.0000,32.0000,0.5000,1.0000,0,3
A144,73.2500,14.6556,71.5000,0.8750,0.1250,8,3.0000,32.0000,16.0000,48.0000,0.3333,0.0000,0,3
A145,64.5000,10.3763,66.0000,0.7500,0.0000,4,3.0000,40.0000,16.0000,56.0000,0.2857,1.0000,0,3
A146,85.7500,14.4770,89.5000,1.0000,0.5000,4,2.0000,16.0000,16.0000,32.0000,0.5000,0.0000,0,3
A147,71.0000,11.5181,68.5000,1.0000,0.0000,4,3.0000,48.0000,8.0000,56.0000,0.1429,1.0000,0,3
A148,67.4000,21.7555,60.0000,0.6000,0.4000,5,3.0000,48.0000,8.0000,56.0000,0.1429,1.0000,0,3
A149,77.8333,12.6715,77.0000,1.0000,0.1667,6,2.0000,32.0000,0.0000,32.0000,0.0000,0.0000,0,3
A150,78.7000,12.2207,81.5000,0.9000,0.2000,10,2.0000,16.0000,16.0000,32.0000,0.5000,1.0000,0,3
A151,71.4000,10.8546,75.0000,0.8000,0.0000,10,2.0000,24.0000,8.0000,32.0000,0.2500,0.0000,0,3
A152,71.5714,15.7359,70.0000,0.8571,0.1429,7,3.0000,48.0000,8.0000,56.0000,0.1429,0.0000,0,3
A153,79.5000,2.1213,79.5000,1.0000,0.0000,2,3.0000,40.0000,16.0000,56.0000,0.2857,1.0000,0,3
A154,74.7778,18.6332,78.0000,0.7778,0.2222,9,3.0000,32.0000,16.0000,48.0000,0.3333,1.0000,0,3
A155,85.3333,15.5671,87.0000,1.0000,0.3333,3,4.0000,48.0000,32.0000,80.0000,0.4000,0.0000,0,3
A156,75.8333,9.3897,74.0000,1.0000,0.0000,6,2.0000,24.0000,8.0000,32.0000,0.2500,0.0000,0,3
A157,82.0909,11.2023,84.0000,1.0000,0.3636,11,3.0000,32.0000,16.0000,48.0000,0.3333,1.0000,0,3
A158,76.7778,15.0730,79.0000,0.8889,0.1111,9,2.0000,32.0000,0.0000,32.0000,0.0000,0.0000,0,3
A159,77.2000,16.7385,82.0000,0.8000,0.2000,10,2.0000,16.0000,16.0000,32.0000,0.5000,0.0000,0,3
A160,68.6667,16.2891,76.0000,0.6667,0.0000,3,3.0000,40.0000,16.0000,56.0000,0.2857,1.0000,0,3
A161,81.8000,7.9812,80.0000,1.0000,0.2000,5,3.0000,32.0000,16.0000,48.0000,0.3333,1.0000,0,3
A162,76.6667,14.2127,71.0000,1.0000,0.2222,9,2.0000,16.0000,16.0000,32.0000,0.5000,1.0000,0,3
A163,76.2000,1.6432,76.0000,1.0000,0.0000,5,3.0000,40.0000,16.0000,56.0000,0.2857,1.0000,0,3
A164,75.2000,20.1420,78.0000,0.8000,0.4000,5,3.0000,48.0000,8.0000,56.0000,0.1429,0.0000,0,3
A165,73.6667,6.5064,74.0000,1.0000,0.0000,3,3.0000,40.0000,16.0000,56.0000,0.2857,0.0000,0,3
A166,72.6667,19.1381,73.5000,0.8333,0.1667,6,3.0000,40.0000,16.0000,56.0000,0.2857,1.0000,0,3
A167,76.7500,10.6888,76.5000,1.0000,0.2500,4,2.0000,32.0000,0.0000,32.0000,0.0000,0.0000,0,3
A168,83.5000,12.5471,82.0000,1.0000,0.3750,8,3.0000,48.0000,8.0000,56.0000,0.1429,1.0000,0,3
A169,73.8000,17.2974,81.0000,0.8000,0.2000,5,2.0000,32.0000,0.0000,32.0000,0.0000,0.0000,0,3
A170,84.5000,12.0208,84.5000,1.0000,0.5000,2,3.0000,48.0000,8.0000,56.0000,0.1429,1.0000,0,3
A171,78.6667,9.1579,79.0000,1.0000,0.0000,6,2.0000,24.0000,8.0000,32.0000,0.2500,0.0000,0,3
A172,76.7500,11.6466,73.5000,1.0000,0.2500,8,2.0000,32.0000,0.0000,32.0000,0.0000,0.0000,0,3
A173,89.0000,6.4420,87.0000,1.0000,0.4000,5,3.0000,32.0000,16.0000,48.0000,0.3333,1.0000,0,3
A174,83.2500,13.5739,83.5000,1.0000,0.2500,4,2.0000,16.0000,16.0000,32.0000,0.5000,0.0000,0,3
A175,77.8000,4.8683,77.0000,1.0000,0.0000,5,3.0000,48.0000,8.0000,56.0000,0.1429,1.0000,0,3
A176,79.0000,14.3108,78.5000,1.0000,0.3333,6,2.0000,24.0000,8.0000,32.0000,0.2500,1.0000,0,3
A177,71.9231,13.5121,72.0000,0.8462,0.1538,13,2.0000,32.0000,0.0000,32.0000,0.0000,1.0000,0,3
A178,73.5000,3.5355,73.5000,1.0000,0.0000,2,2.0000,16.0000,16.0000,32.0000,0.5000,0.0000,0,3
A179,72.6000,17.0529,70.0000,0.8000,0.2000,5,2.0000,16.0000,16.0000,32.0000,0.5000,0.0000,0,3
A180,76.5000,9.3755,74.0000,1.0000,0.0000,6,2.0000,32.0000,0.0000,32.0000,0.0000,0.0000,0,3
A1800001,81.0000,7.2169,81.0000,1.0000,0.2000,25,3.0000,48.0000,0.0000,48.0000,0.0000,1.0000,0,1
A1800002,82.0000,7.2169,82.0000,1.0000,0.2000,25,4.0000,64.0000,0.0000,64.0000,0.0000,1.0000,0,1
A1800003,83.0000,7.2169,83.0000,1.0000,0.2000,25,2.0000,32.0000,0.0000,32.0000,0.0000,1.0000,0,1
A1800004,84.0000,7.2169,84.0000,1.0000,0.2000,25,3.0000,48.0000,0.0000,48.0000,0.0000,1.0000,0,1
A1800005,80.0000,7.2169,80.0000,1.0000,0.2000,25,4.0000,64.0000,0.0000,64.0000,0.0000,1.0000,0,1
A1800006,81.0000,7.2169,81.0000,1.0000,0.2000,25,2.0000,32.0000,0.0000,32.0000,0.0000,1.0000,0,1
A1800007,82.0000,7.2169,82.0000,1.0000,0.2000,25,3.0000,48.0000,0.0000,48.0000,0.0000,0.0000,0,1
A1800008,83.0000,7.2169,83.0000,1.0000,0.2000,25,4.0000,64.0000,0.0000,64.0000,0.0000,0.0000,0,1
A1800009,84.0000,7.2169,84.0000,1.0000,0.2000,25,2.0000,32.0000,0.0000,32.0000,0.0000,0.0000,0,1
A1800010,80.0000,7.2169,80.0000,1.0000,0.2000,25,3.0000,48.0000,0.0000,48.0000,0.0000,0.0000,0,1
A181,76.3077,14.9910,73.0000,0.8462,0.3077,13,3.0000,32.0000,16.0000,48.0000,0.3333,1.0000,0,3
A182,79.9167,11.9731,81.5000,1.0000,0.2500,12,3.0000,32.0000,16.0000,48.0000,0.3333,1.0000,0,3
A183,79.5000,15.9391,79.5000,0.9000,0.3000,10,3.0000,48.0000,8.0000,56.0000,0.1429,0.0000,0,3
A184,75.2308,15.7753,78.0000,0.7692,0.1538,13,3.0000,32.0000,16.0000,48.0000,0.3333,1.0000,0,3
A185,76.5455,14.2714,82.0000,0.8182,0.0909,11,3.0000,32.0000,16.0000,48.0000,0.3333,1.0000,0,3
A186,76.4167,13.9444,73.0000,0.9167,0.3333,12,2.0000,16.0000,16.0000,32.0000,0.5000,0.0000,0,3
A187,80.5000,12.2270,83.0000,0.9286,0.1429,14,2.0000,32.0000,0.0000,32.0000,0.0000,1.0000,0,3
A188,81.0000,10.4642,83.0000,1.0000,0.2000,5,2.0000,24.0000,8.0000,32.0000,0.2500,0.0000,0,3
A189,78.8667,10.6962,81.0000,0.9333,0.1333,15,2.0000,32.0000,0.0000,32.0000,0.0000,0.0000,0,3
A190,78.8571,14.8731,79.5000,0.9286,0.2857,14,3.0000,32.0000,16.0000,48.0000,0.3333,1.0000,0,3
A191,84.8333,12.6047,86.0000,1.0000,0.5000,12,2.0000,32.0000,0.0000,32.0000,0.0000,0.0000,0,3
A192,78.5000,11.6738,80.5000,0.9000,0.2000,10,3.0000,40.0000,16.0000,56.0000,0.2857,1.0000,0,3
A193,81.1000,11.7137,83.0000,0.9000,0.2000,10,3.0000,32.0000,16.0000,48.0000,0.3333,1.0000,0,3
A194,74.7273,9.6342,76.0000,1.0000,0.0909,11,3.0000,40.0000,16.0000,56.0000,0.2857,0.0000,0,3
A195,79.4545,13.7140,81.0000,1.0000,0.3636,11,3.0000,48.0000,8.0000,56.0000,0.1429,1.0000,0,3
A196,75.4667,12.7216,75.0000,0.9333,0.1333,15,3.0000,48.0000,8.0000,56.0000,0.1429,1.0000,0,3
A197,81.5000,13.0165,80.0000,1.0000,0.2500,8,2.0000,24.0000,8.0000,32.0000,0.2500,0.0000,0,3
A198,72.6923,14.9966,78.0000,0.7692,0.0769,13,2.0000,32.0000,0.0000,32.0000,0.0000,0.0000,0,3
A199,80.0000,14.6287,79.0000,0.9231,0.3077,13,2.0000,24.0000,8.0000,32.0000,0.2500,0.0000,0,3
A200,79.2000,5.7184,79.0000,1.0000,0.0000,5,2.0000,16.0000,16.0000,32.0000,0.5000,0.0000,0,3
A201,80.4444,15.0508,85.0000,0.8889,0.3333,9,3.0000,48.0000,8.0000,56.0000,0.1429,1.0000,0,3
A202,76.5333,15.4729,78.0000,0.8000,0.2000,15,2.0000,16.0000,16.0000,32.0000,0.5000,1.0000,0,3
A203,75.1818,14.3375,78.0000,0.9091,0.1818,11,3.0000,40.0000,16.0000,56.0000,0.2857,1.0000,0,3
A204,81.7273,9.4772,84.0000,1.0000,0.1818,11,3.0000,40.0000,16.0000,56.0000,0.2857,0.0000,0,3
AC001,76.7931,9.9978,77.0000,1.0000,0.1379,29,4.0000,60.0000,,,0.0000,1.0000,0,1
AC002,79.9259,10.9612,78.0000,1.0000,0.2222,27,4.0000,57.0000,,,0.0000,1.0000,0,1
AC003,80.8214,12.4575,81.0000,1.0000,0.3214,28,2.0000,42.0000,,,0.0000,1.0000,0,1
AC004,78.1750,11.3700,78.0000,1.0000,0.2250,40,3.0000,46.0000,,,0.0000,1.0000,0,1
AC005,78.4167,10.3584,78.0000,1.0000,0.2083,24,4.0000,60.0000,,,0.0000,1.0000,0,1
AC006,79.5686,13.0419,77.0000,1.0000,0.3333,51,4.0000,43.0000,22.0000,60.0000,0.0000,1.0000,0,1
AC007,78.6944,12.8103,76.0000,1.0000,0.2778,36,2.0000,44.0000,23.0000,62.0000,0.0000,0.0000,0,1
AC008,75.9762,12.1444,71.5000,1.0000,0.1667,42,3.0000,61.0000,24.0000,64.0000,0.0000,0.0000,0,1
AC009,80.5789,11.5960,78.0000,1.0000,0.2632,38,2.0000,46.0000,25.0000,66.0000,0.0000,0.0000,0,1
AC010,79.6977,12.0110,79.0000,1.0000,0.2093,43,3.0000,40.0000,26.0000,68.0000,0.0000,0.0000,0,1
AI01,82.2000,8.8365,83.0000,1.0000,0.2000,25,,,,,0.0000,,0,1
AI02,84.2000,8.8365,85.0000,1.0000,0.2800,25,,,,,0.0000,,0,1
AI03,83.6400,8.9623,85.0000,1.0000,0.2800,25,,,,,0.0000,,0,1
AI04,83.0800,8.9206,82.0000,1.0000,0.3200,25,,,,,0.0000,,0,1
A_C001,84.3750,10.9406,86.5000,1.0000,0.3750,8,3.0000,48.0000,,,0.0000,1.0000,0,3
A_C002,79.2857,8.4007,78.0000,1.0000,0.1429,7,4.0000,64.0000,,,0.0000,1.0000,0,3
A_C003,85.2500,14.0586,88.5000,1.0000,0.5000,8,3.0000,48.0000,,,0.0000,1.0000,0,3
A_C004,75.7333,11.3040,77.0000,1.0000,0.1333,15,3.0000,48.0000,,,0.0000,1.0000,0,3
A_C005,79.6364,12.7222,76.0000,1.0000,0.3636,11,2.0000,32.0000,,,0.0000,1.0000,0,3
A_C006,80.1250,11.1411,77.0000,1.0000,0.2500,8,3.0000,48.0000,,,0.0000,1.0000,0,3
A_C007,77.1818,11.8644,78.0000,1.0000,0.1818,11,3.0000,48.0000,,,0.0000,1.0000,0,3
A_C008,77.7500,9.7943,79.5000,1.0000,0.1250,8,4.0000,64.0000,,,0.0000,1.0000,0,3
A_C009,78.2308,10.7094,77.0000,1.0000,0.1538,13,3.0000,48.0000,,,0.0000,1.0000,0,3
A_C010,74.9167,12.4496,72.0000,1.0000,0.1667,12,2.0000,32.0000,,,0.0000,1.0000,0,3
B-C001,72.9400,10.1084,74.0000,0.8800,0.0400,50,4.0000,64.0000,0.0000,64.0000,0.0000,1.0000,0,3
B-C002,75.5800,11.7197,76.5000,0.9200,0.0800,50,3.0000,48.0000,0.0000,48.0000,0.0000,1.0000,0,3
B-C003,75.6000,10.4060,75.0000,0.9200,0.0600,50,3.0000,48.0000,0.0000,48.0000,0.0000,1.0000,0,3
B-C004,78.4400,11.4413,79.5000,0.9400,0.1800,50,3.0000,48.0000,0.0000,48.0000,0.0000,1.0000,0,3
B-C005,73.8400,13.1512,74.5000,0.9000,0.1600,50,3.0000,48.0000,0.0000,48.0000,0.0000,1.0000,0,3
B-K01,59.4800,29.0977,67.0000,0.5600,0.1200,25,3.0000,54.0000,0.0000,54.0000,0.0000,1.0000,0,1
B-K02,39.0800,29.1275,39.0000,0.2400,0.0400,25,4.0000,72.0000,0.0000,72.0000,0.0000,1.0000,0,1
B-K03,58.6000,30.0167,63.0000,0.5600,0.2400,25,2.0000,36.0000,0.0000,36.0000,0.0000,1.0000,0,1
B-K04,38.8400,29.6236,35.0000,0.3200,0.0400,25,3.0000,54.0000,0.0000,54.0000,0.0000,1.0000,0,1
B-K05,48.9600,26.2321,47.0000,0.3600,0.1200,25,4.0000,72.0000,0.0000,72.0000,0.0000,1.0000,0,1
B-K06,55.7200,24.5875,52.0000,0.4000,0.0800,25,2.0000,36.0000,0.0000,36.0000,0.0000,1.0000,0,1
B-K07,47.9200,33.0012,48.0000,0.4400,0.1200,25,3.0000,54.0000,0.0000,54.0000,0.0000,1.0000,0,1
B-K08,43.7200,29.3350,36.0000,0.3200,0.1200,25,4.0000,72.0000,0.0000,72.0000,0.0000,1.0000,0,1
B-K09,61.6400,21.0968,66.0000,0.6000,0.0400,25,2.0000,36.0000,0.0000,36.0000,0.0000,1.0000,0,1
B-K10,42.6800,25.9899,45.0000,0.2400,0.0000,25,3.0000,54.0000,0.0000,54.0000,0.0000,1.0000,0,1
B0001,81.0800,11.6402,85.0000,1.0000,0.3200,25,3.0000,48.0000,,,0.0000,0.0000,0,1
B0002,82.0800,12.6357,80.0000,1.0000,0.4000,25,4.0000,64.0000,,,0.0000,0.0000,0,1
B0003,78.1600,12.2735,78.0000,1.0000,0.2000,25,3.0000,48.0000,,,0.0000,0.0000,0,1
B0004,79.1600,11.2460,81.0000,1.0000,0.1600,25,2.0000,32.0000,,,0.0000,0.0000,0,1
B0005,81.8000,11.1505,85.0000,1.0000,0.3200,25,3.0000,48.0000,,,0.0000,0.0000,0,1
B0006,83.5200,12.3596,88.0000,1.0000,0.4400,25,2.0000,32.0000,,,0.0000,0.0000,0,1
B0007,80.3200,13.6220,80.0000,1.0000,0.3200,25,4.0000,64.0000,,,0.0000,0.0000,0,1
B0008,77.1200,12.7943,78.0000,1.0000,0.2000,25,2.0000,32.0000,,,0.0000,0.0000,0,1
B0009,77.2000,11.1505,74.0000,1.0000,0.2000,25,3.0000,48.0000,,,0.0000,0.0000,0,1
B001,81.1562,9.8737,80.0000,1.0000,0.2812,32,2.0000,32.0000,16.0000,48.0000,0.3333,1.0000,0,3
B0010,80.5600,11.2845,78.0000,1.0000,0.2800,25,2.0000,32.0000,,,0.0000,0.0000,0,1
B002,81.3182,11.5939,82.5000,1.0000,0.3182,22,2.0000,32.0000,16.0000,48.0000,0.3333,1.0000,0,3
B003,78.6957,12.8113,76.0000,1.0000,0.3043,23,2.0000,32.0000,16.0000,48.0000,0.3333,0.0000,0,2
B004,81.0667,10.6962,82.0000,1.0000,0.3000,30,4.0000,32.0000,16.0000,48.0000,0.3333,1.0000,0,3
B005,80.4444,10.1312,81.0000,1.0000,0.2593,27,3.0000,32.0000,16.0000,48.0000,0.3333,0.0000,1,2
B006,80.7500,11.7154,78.0000,1.0000,0.3500,20,3.0000,32.0000,16.0000,48.0000,0.3333,1.0000,0,2
B007,77.8788,10.5498,78.0000,1.0000,0.1212,33,3.0000,32.0000,16.0000,48.0000,0.3333,0.0000,0,2
B008,79.0000,11.1151,85.0000,1.0000,0.1304,23,4.0000,32.0000,16.0000,48.0000,0.3333,1.0000,0,3
B009,78.4000,9.5112,79.0000,1.0000,0.1500,20,2.0000,32.0000,16.0000,48.0000,0.3333,0.0000,0,3
B010,82.4000,13.6088,85.0000,1.0000,0.4000,20,3.0000,32.0000,16.0000,48.0000,0.3333,0.0000,0,3
B101,81.7333,12.1624,78.0000,1.0000,0.2667,15,3.0000,32.0000,16.0000,48.0000,0.3333,1.0000,0,3
B102,77.9167,14.4971,76.0000,0.8750,0.2917,24,3.0000,48.0000,8.0000,56.0000,0.1429,1.0000,0,3
B103,76.5263,9.8959,79.0000,0.9474,0.0526,19,4.0000,56.0000,24.0000,80.0000,0.3000,0.0000,0,3
B104,77.2222,13.9138,75.5000,0.8889,0.2778,18,3.0000,48.0000,8.0000,56.0000,0.1429,1.0000,0,3
B105,81.8667,10.9666,82.0000,1.0000,0.2000,15,3.0000,40.0000,16.0000,56.0000,0.2857,1.0000,0,3
B106,77.1111,12.1311,78.5000,0.8889,0.2222,18,3.0000,32.0000,16.0000,48.0000,0.3333,0.0000,0,3
B107,76.4444,13.9967,80.0000,0.8889,0.1111,18,4.0000,56.0000,24.0000,80.0000,0.3000,1.0000,0,3
B108,75.5263,15.4430,76.0000,0.8421,0.2632,19,3.0000,40.0000,16.0000,56.0000,0.2857,0.0000,0,3
B109,76.0000,14.9711,78.0000,0.8750,0.1875,16,3.0000,32.0000,16.0000,48.0000,0.3333,0.0000,0,3
B110,77.6429,10.8174,81.5000,0.9286,0.0714,14,3.0000,40.0000,16.0000,56.0000,0.2857,1.0000,0,3
B111,73.0000,12.0000,72.0000,0.9412,0.0588,17,4.0000,56.0000,24.0000,80.0000,0.3000,1.0000,0,3
B112,77.2105,12.1087,77.0000,0.9474,0.1579,19,3.0000,48.0000,8.0000,56.0000,0.1429,0.0000,0,3
B113,83.0714,11.6187,82.0000,1.0000,0.4286,14,3.0000,48.0000,8.0000,56.0000,0.1429,0.0000,0,3
B114,78.7222,13.0375,81.0000,0.8889,0.1667,18,3.0000,40.0000,16.0000,56.0000,0.2857,0.0000,0,3
B115,75.0000,14.5160,78.0000,0.8667,0.0667,15,3.0000,32.0000,16.0000,48.0000,0.3333,1.0000,0,3
B116,68.9375,13.5325,66.0000,0.7500,0.1250,16,2.0000,16.0000,16.0000,32.0000,0.5000,0.0000,0,3
B117,73.2857,11.6119,76.5000,0.8571,0.0714,14,3.0000,32.0000,16.0000,48.0000,0.3333,1.0000,0,3
B118,84.1538,7.3012,86.0000,1.0000,0.2308,13,2.0000,24.0000,8.0000,32.0000,0.2500,0.0000,0,3
B119,78.0000,11.4654,80.0000,0.9167,0.1667,12,2.0000,16.0000,16.0000,32.0000,0.5000,1.0000,0,3
B120,76.0000,15.9508,80.0000,0.8000,0.2000,15,2.0000,32.0000,0.0000,32.0000,0.0000,1.0000,0,3
B121,70.2667,19.9838,69.0000,0.6000,0.2000,15,3.0000,40.0000,16.0000,56.0000,0.2857,1.0000,0,3
B122,78.7333,13.3013,79.0000,0.9333,0.3333,15,3.0000,48.0000,8.0000,56.0000,0.1429,1.0000,0,3
B123,78.2000,15.7806,84.0000,0.9333,0.3333,15,2.0000,32.0000,0.0000,32.0000,0.0000,0.0000,0,3
B124,73.8462,13.8434,70.0000,0.9231,0.1538,13,2.0000,24.0000,8.0000,32.0000,0.2500,0.0000,0,3
B125,79.5000,7.9008,81.0000,1.0000,0.0000,14,3.0000,40.0000,16.0000,56.0000,0.2857,1.0000,0,3
B126,70.7333,14.2952,69.0000,0.8000,0.1333,15,3.0000,40.0000,16.0000,56.0000,0.2857,1.0000,0,3
B127,75.6111,15.4963,78.5000,0.8333,0.1667,18,3.0000,48.0000,8.0000,56.0000,0.1429,0.0000,0,3
B128,75.8889,16.1351,76.0000,0.8333,0.2222,18,2.0000,16.0000,16.0000,32.0000,0.5000,0.0000,0,3
B129,78.5000,14.3341,75.5000,0.9375,0.3125,16,3.0000,40.0000,16.0000,56.0000,0.2857,1.0000,0,3
B130,73.2000,16.7981,68.5000,0.7000,0.2000,10,3.0000,48.0000,8.0000,56.0000,0.1429,1.0000,0,3
B131,77.6667,9.0037,79.0000,1.0000,0.0000,6,3.0000,32.0000,16.0000,48.0000,0.3333,1.0000,0,3
B132,75.6667,10.4243,72.0000,1.0000,0.0000,6,3.0000,32.0000,16.0000,48.0000,0.3333,1.0000,0,3
B133,76.7500,18.8392,79.5000,0.7500,0.5000,4,2.0000,16.0000,16.0000,32.0000,0.5000,0.0000,0,3
B134,76.1667,10.8336,76.0000,1.0000,0.0000,6,3.0000,40.0000,16.0000,56.0000,0.2857,0.0000,0,3
B135,88.5000,12.0208,88.5000,1.0000,0.5000,2,2.0000,16.0000,16.0000,32.0000,0.5000,1.0000,0,3
B136,74.8333,10.2258,74.5000,1.0000,0.0000,6,2.0000,32.0000,0.0000,32.0000,0.0000,0.0000,0,3
B137,80.8333,8.8412,79.5000,1.0000,0.3333,6,3.0000,32.0000,16.0000,48.0000,0.3333,1.0000,0,3
B138,68.4000,16.4560,63.0000,0.8000,0.0000,5,3.0000,48.0000,8.0000,56.0000,0.1429,1.0000,0,3
B139,74.4286,10.9370,73.0000,1.0000,0.1429,7,3.0000,40.0000,16.0000,56.0000,0.2857,1.0000,0,3
B14-C001,80.9600,12.6671,82.0000,1.0000,0.3200,25,3.0000,48.0000,0.0000,48.0000,0.0000,1.0000,0,2
B14-C002,79.0800,11.9545,78.0000,1.0000,0.2000,25,3.0000,48.0000,0.0000,48.0000,0.0000,1.0000,0,2
B14-C003,80.5600,12.0971,79.0000,1.0000,0.2800,25,2.0000,32.0000,0.0000,32.0000,0.0000,1.0000,0,2
B14-C004,82.0400,12.4214,81.0000,1.0000,0.3200,25,3.0000,48.0000,0.0000,48.0000,0.0000,1.0000,0,2
B14-C005,76.8400,12.0197,74.0000,1.0000,0.2000,25,2.0000,32.0000,0.0000,32.0000,0.0000,1.0000,0,2
B14-C006,79.5200,10.8479,78.0000,1.0000,0.2400,25,2.0000,32.0000,0.0000,32.0000,0.0000,1.0000,0,2
B14-C007,82.2000,11.0454,85.0000,1.0000,0.3200,25,3.0000,48.0000,0.0000,48.0000,0.0000,1.0000,0,2
B14-C008,81.1200,13.3020,83.0000,1.0000,0.3600,25,2.0000,32.0000,0.0000,32.0000,0.0000,1.0000,0,2
B14-C009,79.4800,12.3022,78.0000,1.0000,0.2400,25,2.0000,32.0000,0.0000,32.0000,0.0000,1.0000,0,2
B14-C010,77.8000,11.0567,77.0000,1.0000,0.1600,25,2.0000,32.0000,0.0000,32.0000,0.0000,1.0000,0,2
B140,72.6250,18.6006,70.0000,0.7500,0.2500,8,2.0000,16.0000,16.0000,32.0000,0.5000,0.0000,0,3
B141,74.8000,17.5423,79.5000,0.8000,0.2000,10,2.0000,16.0000,16.0000,32.0000,0.5000,1.0000,0,3
B142,69.1667,18.6056,68.5000,0.6667,0.1667,6,2.0000,16.0000,16.0000,32.0000,0.5000,0.0000,0,3
B143,73.2857,11.7999,75.0000,0.8571,0.0000,7,3.0000,48.0000,8.0000,56.0000,0.1429,1.0000,0,3
B144,75.7500,16.4382,76.5000,0.8750,0.2500,8,2.0000,24.0000,8.0000,32.0000,0.2500,0.0000,0,3
B145,72.0000,19.6214,73.0000,0.8000,0.2000,5,2.0000,24.0000,8.0000,32.0000,0.2500,1.0000,0,3
B146,76.4286,13.9864,76.0000,1.0000,0.2857,7,3.0000,40.0000,16.0000,56.0000,0.2857,1.0000,0,3
B147,85.0000,15.1327,90.0000,1.0000,0.6667,3,3.0000,40.0000,16.0000,56.0000,0.2857,0.0000,0,3
B148,69.0000,13.4483,73.0000,0.7500,0.0000,8,2.0000,32.0000,0.0000,32.0000,0.0000,0.0000,0,3
B149,79.3333,8.6641,78.5000,1.0000,0.1667,6,3.0000,32.0000,16.0000,48.0000,0.3333,0.0000,0,3
B150,78.4545,11.3081,80.0000,0.9091,0.1818,11,2.0000,24.0000,8.0000,32.0000,0.2500,1.0000,0,3
B151,74.4444,13.4081,75.0000,0.8889,0.1111,9,2.0000,16.0000,16.0000,32.0000,0.5000,0.0000,0,3
B152,79.7500,12.6326,76.0000,1.0000,0.2500,4,2.0000,16.0000,16.0000,32.0000,0.5000,1.0000,0,3
B153,85.8750,12.6991,83.0000,1.0000,0.3750,8,3.0000,40.0000,16.0000,56.0000,0.2857,1.0000,0,3
B154,76.1667,13.6304,77.0000,0.9167,0.1667,12,3.0000,32.0000,16.0000,48.0000,0.3333,1.0000,0,3
B155,84.2500,11.9254,87.0000,1.0000,0.3750,8,3.0000,48.0000,8.0000,56.0000,0.1429,0.0000,0,3
B156,73.5000,7.8677,71.5000,1.0000,0.0000,6,2.0000,24.0000,8.0000,32.0000,0.2500,0.0000,0,3
B157,81.1429,9.2273,82.0000,1.0000,0.4286,7,2.0000,24.0000,8.0000,32.0000,0.2500,1.0000,0,3
B158,76.5000,9.2682,75.0000,1.0000,0.1667,6,2.0000,16.0000,16.0000,32.0000,0.5000,0.0000,0,3
B159,80.8571,13.5945,80.0000,0.8571,0.2857,7,2.0000,32.0000,0.0000,32.0000,0.0000,0.0000,0,3
B160,68.0000,13.4907,69.0000,0.8000,0.0000,5,3.0000,32.0000,16.0000,48.0000,0.3333,1.0000,0,3
B161,77.5556,12.4711,76.0000,1.0000,0.2222,9,3.0000,48.0000,8.0000,56.0000,0.1429,1.0000,0,3
B162,78.7778,16.2826,82.0000,0.8889,0.3333,18,3.0000,40.0000,16.0000,56.0000,0.2857,1.0000,0,3
B163,74.5455,16.8900,77.0000,0.8182,0.2727,11,3.0000,32.0000,16.0000,48.0000,0.3333,1.0000,0,3
B164,86.5714,11.9789,88.0000,1.0000,0.5000,14,3.0000,40.0000,16.0000,56.0000,0.2857,0.0000,0,3
B165,78.7000,15.7484,84.0000,0.8000,0.3000,10,2.0000,24.0000,8.0000,32.0000,0.2500,0.0000,0,3
B166,80.2500,9.8089,83.5000,1.0000,0.0000,8,3.0000,48.0000,8.0000,56.0000,0.1429,1.0000,0,3
B167,78.4000,9.0995,81.0000,1.0000,0.2000,5,3.0000,32.0000,16.0000,48.0000,0.3333,1.0000,0,3
B168,80.5714,12.8563,82.0000,1.0000,0.2857,7,2.0000,24.0000,8.0000,32.0000,0.2500,0.0000,0,3
B169,73.1000,13.0933,76.0000,0.8000,0.1000,10,3.0000,40.0000,16.0000,56.0000,0.2857,1.0000,0,3
B170,77.1000,11.9732,77.0000,0.9000,0.2000,20,3.0000,48.0000,8.0000,56.0000,0.1429,1.0000,0,3
B171,71.6667,16.9902,69.5000,0.8333,0.1667,6,3.0000,40.0000,16.0000,56.0000,0.2857,1.0000,0,3
B172,73.1111,20.9430,76.0000,0.5556,0.3333,9,2.0000,24.0000,8.0000,32.0000,0.2500,0.0000,0,3
B173,83.9091,7.5426,83.0000,1.0000,0.1818,11,3.0000,40.0000,16.0000,56.0000,0.2857,1.0000,0,3
B174,76.5333,12.9055,80.0000,0.9333,0.1333,15,3.0000,40.0000,16.0000,56.0000,0.2857,1.0000,0,3
B175,80.4000,10.5325,82.5000,1.0000,0.2000,10,2.0000,16.0000,16.0000,32.0000,0.5000,0.0000,0,3
B176,78.3333,9.3524,76.5000,1.0000,0.1667,6,2.0000,24.0000,8.0000,32.0000,0.2500,0.0000,0,3
B177,69.5556,14.6211,69.0000,0.8889,0.1111,9,3.0000,32.0000,16.0000,48.0000,0.3333,1.0000,0,3
B178,77.3000,13.5241,78.0000,1.0000,0.2000,10,3.0000,40.0000,16.0000,56.0000,0.2857,1.0000,0,3
B179,85.8000,13.0452,89.5000,1.0000,0.5000,10,3.0000,32.0000,16.0000,48.0000,0.3333,0.0000,0,3
B180,77.1667,12.3202,81.0000,0.9167,0.0833,12,2.0000,32.0000,0.0000,32.0000,0.0000,0.0000,0,3
B1800001,81.0000,7.2169,81.0000,1.0000,0.2000,25,3.0000,48.0000,0.0000,48.0000,0.0000,1.0000,0,1
B1800002,82.0000,7.2169,82.0000,1.0000,0.2000,25,4.0000,64.0000,0.0000,64.0000,0.0000,1.0000,0,1
B1800003,83.0000,7.2169,83.0000,1.0000,0.2000,25,2.0000,32.0000,0.0000,32.0000,0.0000,1.0000,0,1
B1800004,84.0000,7.2169,84.0000,1.0000,0.2000,25,3.0000,48.0000,0.0000,48.0000,0.0000,1.0000,0,1
B1800005,80.0000,7.2169,80.0000,1.0000,0.2000,25,4.0000,64.0000,0.0000,64.0000,0.0000,1.0000,0,1
B1800006,81.0000,7.2169,81.0000,1.0000,0.2000,25,2.0000,32.0000,0.0000,32.0000,0.0000,1.0000,0,1
B1800007,82.0000,7.2169,82.0000,1.0000,0.2000,25,3.0000,48.0000,0.0000,48.0000,0.0000,0.0000,0,1
B1800008,83.0000,7.2169,83.0000,1.0000,0.2000,25,4.0000,64.0000,0.0000,64.0000,0.0000,0.0000,0,1
B1800009,84.0000,7.2169,84.0000,1.0000,0.2000,25,2.0000,32.0000,0.0000,32.0000,0.0000,0.0000,0,1
B1800010,80.0000,7.2169,80.0000,1.0000,0.2000,25,3.0000,48.0000,0.0000,48.0000,0.0000,0.0000,0,1
B181,75.4000,12.5804,77.5000,0.9000,0.1000,10,2.0000,16.0000,16.0000,32.0000,0.5000,1.0000,0,3
B182,69.2000,10.4259,69.0000,1.0000,0.0000,5,3.0000,32.0000,16.0000,48.0000,0.3333,1.0000,0,3
B183,81.6667,12.4686,80.5000,1.0000,0.3333,6,2.0000,24.0000,8.0000,32.0000,0.2500,0.0000,0,3
B184,75.0000,12.1538,72.5000,1.0000,0.1250,8,2.0000,24.0000,8.0000,32.0000,0.2500,0.0000,0,3
B185,61.7143,13.6347,61.0000,0.5714,0.0000,7,3.0000,32.0000,16.0000,48.0000,0.3333,1.0000,0,3
B186,81.4286,11.0281,83.0000,1.0000,0.2857,7,3.0000,48.0000,8.0000,56.0000,0.1429,1.0000,0,3
B187,83.6667,9.5009,84.0000,1.0000,0.1667,6,3.0000,40.0000,16.0000,56.0000,0.2857,0.0000,0,3
B188,83.5000,14.9778,86.5000,1.0000,0.5000,4,2.0000,32.0000,0.0000,32.0000,0.0000,0.0000,0,3
B189,82.5000,7.6485,80.0000,1.0000,0.1000,10,2.0000,16.0000,16.0000,32.0000,0.5000,1.0000,0,3
B190,79.7500,15.3227,83.0000,0.8750,0.2500,8,2.0000,16.0000,16.0000,32.0000,0.5000,1.0000,0,3
B191,71.7500,7.7621,73.5000,1.0000,0.0000,4,3.0000,32.0000,16.0000,48.0000,0.3333,1.0000,0,3
B192,78.7778,14.5239,84.0000,0.8889,0.1111,9,3.0000,32.0000,16.0000,48.0000,0.3333,0.0000,0,3
B193,69.0000,2.8284,69.0000,1.0000,0.0000,2,3.0000,48.0000,8.0000,56.0000,0.1429,1.0000,0,3
B194,84.3333,11.8771,87.5000,1.0000,0.5000,6,2.0000,24.0000,8.0000,32.0000,0.2500,0.0000,0,3
B195,78.4545,15.6484,86.0000,0.9091,0.1818,11,2.0000,24.0000,8.0000,32.0000,0.2500,1.0000,0,3
B196,73.6667,13.9092,80.5000,0.6667,0.0000,6,2.0000,24.0000,8.0000,32.0000,0.2500,0.0000,0,3
B197,76.5000,16.4230,80.0000,0.7500,0.1250,8,2.0000,16.0000,16.0000,32.0000,0.5000,0.0000,0,3
B198,75.8571,14.7358,77.0000,0.8571,0.2857,7,3.0000,32.0000,16.0000,48.0000,0.3333,1.0000,0,3
B199,78.1250,9.8334,83.0000,1.0000,0.0000,8,2.0000,32.0000,0.0000,32.0000,0.0000,0.0000,0,3
B200,87.4000,11.2161,89.0000,1.0000,0.4000,5,3.0000,48.0000,8.0000,56.0000,0.1429,1.0000,0,3
B201,79.8571,4.9473,82.0000,1.0000,0.0000,7,2.0000,16.0000,16.0000,32.0000,0.5000,0.0000,0,3
B202,84.5000,12.8491,87.0000,1.0000,0.3333,6,2.0000,24.0000,8.0000,32.0000,0.2500,1.0000,0,3
B203,77.4000,14.1880,73.0000,1.0000,0.2000,5,3.0000,48.0000,8.0000,56.0000,0.1429,1.0000,0,3
B204,73.0000,4.5826,74.0000,1.0000,0.0000,3,3.0000,40.0000,16.0000,56.0000,0.2857,1.0000,0,3
BC001,80.7000,11.5763,81.0000,1.0000,0.3000,70,2.0000,53.0000,,,0.0000,1.0000,0,1
BC002,80.2500,12.0104,79.0000,1.0000,0.2778,36,3.0000,46.0000,,,0.0000,1.0000,0,1
BC003,78.8649,12.9210,76.0000,1.0000,0.2432,37,3.0000,48.0000,,,0.0000,1.0000,0,1
BC004,79.8649,11.6480,82.0000,1.0000,0.2432,37,4.0000,34.0000,,,0.0000,1.0000,0,1
BC005,80.4419,11.8629,83.0000,1.0000,0.2791,43,2.0000,53.0000,,,0.0000,1.0000,0,1
BC006,80.2540,10.3814,84.0000,1.0000,0.1905,63,3.0000,35.0000,22.0000,60.0000,0.0000,1.0000,0,1
BC007,78.9038,9.9178,79.5000,1.0000,0.1154,52,2.0000,52.0000,23.0000,62.0000,0.0000,0.0000,0,1
BC008,78.0698,10.2525,77.0000,1.0000,0.1163,43,4.0000,49.0000,24.0000,64.0000,0.0000,0.0000,0,1
BC009,76.4400,8.7135,78.0000,1.0000,0.0400,50,2.0000,63.0000,25.0000,66.0000,0.0000,0.0000,0,1
BC010,78.2857,10.2868,79.0000,1.0000,0.1667,42,3.0000,46.0000,26.0000,68.0000,0.0000,0.0000,0,1
BP001,83.6400,8.9994,83.0000,1.0000,0.3600,25,,,,,0.0000,,0,1
BP002,85.4800,9.1384,85.0000,1.0000,0.4000,25,,,,,0.0000,,0,1
BP003,84.7600,9.6880,85.0000,1.0000,0.3200,25,,,,,0.0000,,0,1
BP004,84.0400,9.9561,82.0000,1.0000,0.3200,25,,,,,0.0000,,0,1
BP005,82.0400,9.6500,81.0000,1.0000,0.2800,25,,,,,0.0000,,0,1
BP006,81.4800,9.1566,82.0000,1.0000,0.2400,25,,,,,0.0000,,0,1
B_C001,76.8889,11.2330,74.0000,1.0000,0.1852,27,3.0000,48.0000,,,0.0000,1.0000,0,1
B_C002,79.6957,11.6753,82.0000,1.0000,0.3043,23,4.0000,54.0000,,,0.0000,1.0000,0,1
B_C003,78.7333,12.7386,80.0000,1.0000,0.2333,30,2.0000,40.0000,,,0.0000,1.0000,0,1
B_C004,76.2381,11.8148,75.0000,1.0000,0.1905,21,4.0000,64.0000,,,0.0000,0.0000,0,1
B_C005,79.8571,10.4091,81.5000,1.0000,0.1786,28,3.0000,48.0000,,,0.0000,1.0000,0,1
B_C006,81.0870,11.7663,82.0000,1.0000,0.3043,23,4.0000,64.0000,,,0.0000,1.0000,0,1
B_C007,80.5833,10.5539,82.0000,1.0000,0.2500,24,4.0000,56.0000,,,0.0000,0.0000,0,1
B_C008,76.8571,12.0095,76.0000,1.0000,0.2381,21,3.0000,48.0000,,,0.0000,1.0000,0,1
B_C009,77.6000,11.4637,75.0000,1.0000,0.2400,25,2.0000,32.0000,,,0.0000,0.0000,0,1
B_C010,79.6296,9.6363,78.0000,1.0000,0.1852,27,3.0000,48.0000,,,0.0000,1.0000,0,1
C-C001,74.6400,11.3385,75.5000,0.9000,0.1000,50,4.0000,64.0000,0.0000,64.0000,0.0000,1.0000,0,3
C-C002,76.2000,12.5666,75.0000,0.8800,0.2200,50,3.0000,48.0000,0.0000,48.0000,0.0000,1.0000,0,3
C-C003,71.9800,10.9888,71.5000,0.8600,0.0800,50,3.0000,48.0000,0.0000,48.0000,0.0000,1.0000,0,3
C-C004,72.3000,12.9650,71.0000,0.8800,0.1400,50,3.0000,48.0000,0.0000,48.0000,0.0000,1.0000,0,3
C-C005,74.3800,11.9350,75.0000,0.8800,0.1400,50,3.0000,48.0000,0.0000,48.0000,0.0000,1.0000,0,3
C-M01,34.8400,22.2161,33.0000,0.1200,0.0400,25,3.0000,60.0000,0.0000,60.0000,0.0000,1.0000,0,1
C-M02,51.3200,31.4943,51.0000,0.4800,0.1200,25,4.0000,80.0000,0.0000,80.0000,0.0000,1.0000,0,1
C-M03,48.7600,28.7667,50.0000,0.3600,0.0800,25,2.0000,40.0000,0.0000,40.0000,0.0000,1.0000,0,1
C-M04,49.9600,27.8470,56.0000,0.4000,0.0800,25,3.0000,60.0000,0.0000,60.0000,0.0000,1.0000,0,1
C-M05,48.0000,25.9197,49.0000,0.3600,0.0400,25,4.0000,80.0000,0.0000,80.0000,0.0000,1.0000,0,1
C-M06,54.3600,27.5256,51.0000,0.4400,0.0800,25,2.0000,40.0000,0.0000,40.0000,0.0000,1.0000,0,1
C-M07,50.7600,26.8829,54.0000,0.4000,0.0400,25,3.0000,60.0000,0.0000,60.0000,0.0000,1.0000,0,1
C-M08,49.7600,24.3880,51.0000,0.4000,0.0400,25,4.0000,80.0000,0.0000,80.0000,0.0000,1.0000,0,1
C-M09,51.5600,28.0254,49.0000,0.4000,0.0400,25,2.0000,40.0000,0.0000,40.0000,0.0000,1.0000,0,1
C-M10,56.2000,31.2076,63.0000,0.6000,0.1200,25,3.0000,60.0000,0.0000,60.0000,0.0000,1.0000,0,1
C0000001,68.8000,5.7184,71.0000,1.0000,0.0000,5,3.0000,17.0000,1.0000,18.0000,0.0556,1.0000,0,1
C0000002,70.5000,5.7203,71.5000,1.0000,0.0000,10,4.0000,18.0000,2.0000,20.0000,0.1000,1.0000,0,1
C0000003,68.7143,5.7363,68.0000,1.0000,0.0000,7,2.0000,19.0000,3.0000,22.0000,0.1364,1.0000,0,1
C0000004,70.4444,5.4109,73.0000,1.0000,0.0000,9,3.0000,20.0000,0.0000,20.0000,0.0000,1.0000,0,1
C0000005,69.6667,4.4441,71.0000,1.0000,0.0000,9,4.0000,21.0000,1.0000,22.0000,0.0455,1.0000,0,1
C0000006,71.0000,4.4078,69.5000,1.0000,0.0000,8,2.0000,22.0000,2.0000,24.0000,0.0833,1.0000,0,1
C0000007,71.4286,3.7796,70.0000,1.0000,0.0000,7,3.0000,23.0000,3.0000,26.0000,0.1154,0.0000,0,1
C0000008,69.1250,2.4165,69.0000,1.0000,0.0000,8,4.0000,24.0000,0.0000,24.0000,0.0000,0.0000,0,1
C0000009,70.4000,6.1074,72.0000,1.0000,0.0000,5,2.0000,25.0000,1.0000,26.0000,0.0385,0.0000,0,1
C0000010,69.4286,3.3594,70.0000,1.0000,0.0000,7,3.0000,26.0000,2.0000,28.0000,0.0714,0.0000,0,1
C0001,77.2800,8.8011,76.0000,1.0000,0.1200,25,4.0000,64.0000,4.0000,68.0000,0.0588,0.0000,0,1
C0002,78.9600,8.4087,79.0000,1.0000,0.1600,25,3.0000,48.0000,3.0000,51.0000,0.0588,0.0000,0,1
C0003,80.6400,8.2507,81.0000,1.0000,0.1200,25,4.0000,64.0000,4.0000,68.0000,0.0588,0.0000,0,1
C0004,81.4400,9.3099,83.0000,1.0000,0.2000,25,3.0000,48.0000,3.0000,51.0000,0.0588,0.0000,0,1
C0005,80.6400,10.4558,80.0000,1.0000,0.2800,25,3.0000,48.0000,3.0000,51.0000,0.0588,0.0000,0,1
C0006,78.9600,9.2217,77.0000,1.0000,0.1600,25,4.0000,64.0000,4.0000,68.0000,0.0588,0.0000,0,1
C0007,79.4000,8.3815,78.0000,1.0000,0.1600,25,2.0000,32.0000,2.0000,34.0000,0.0588,0.0000,0,1
C0008,81.4400,8.1756,83.0000,1.0000,0.2000,25,2.0000,32.0000,2.0000,34.0000,0.0588,0.0000,0,1
C0009,82.2400,9.2434,84.0000,1.0000,0.3200,25,2.0000,32.0000,2.0000,34.0000,0.0588,0.0000,0,1
C001,64.7519,33.7981,74.0000,0.8062,0.2636,129,2.0000,32.0000,16.0000,48.0000,0.3333,0.0000,0,3
C0010,78.0800,9.7122,76.0000,1.0000,0.2000,25,2.0000,32.0000,2.0000,34.0000,0.0588,0.0000,0,1
C002,61.5739,34.1953,72.0000,0.7826,0.1826,115,2.0000,32.0000,16.0000,48.0000,0.3333,0.0000,0,2
C003,63.3143,31.5463,71.0000,0.8214,0.1643,140,4.0000,32.0000,16.0000,48.0000,0.3333,1.0000,0,3
C004,66.1705,34.1433,80.0000,0.8062,0.2558,129,3.0000,32.0000,16.0000,48.0000,0.3333,0.0000,0,3
C005,61.8699,32.9565,73.0000,0.7967,0.1463,123,4.0000,32.0000,16.0000,48.0000,0.3333,1.0000,0,2
C006,64.2927,34.1251,75.0000,0.7967,0.2033,123,3.0000,32.0000,16.0000,48.0000,0.3333,0.0000,0,3
C007,63.9850,33.0456,73.0000,0.8120,0.2180,133,4.0000,32.0000,16.0000,48.0000,0.3333,0.0000,0,3
C008,60.2273,34.4915,70.0000,0.7727,0.1545,110,3.0000,32.0000,16.0000,48.0000,0.3333,0.0000,1,3
C009,65.1087,32.5064,75.0000,0.8188,0.1884,138,2.0000,32.0000,16.0000,48.0000,0.3333,1.0000,0,3
C010,60.7000,34.6247,72.0000,0.7727,0.1636,110,2.0000,32.0000,16.0000,48.0000,0.3333,1.0000,0,3
C101,83.3000,11.9697,85.0000,0.9000,0.2500,20,4.0000,56.0000,24.0000,80.0000,0.3000,1.0000,0,3
C102,77.7222,13.2789,78.0000,0.9444,0.1667,18,3.0000,40.0000,16.0000,56.0000,0.2857,1.0000,0,3
C103,76.0870,14.8750,74.0000,0.9130,0.2609,23,3.0000,48.0000,8.0000,56.0000,0.1429,1.0000,0,3
C104,74.4211,13.7853,78.0000,0.8421,0.1053,19,4.0000,56.0000,24.0000,80.0000,0.3000,1.0000,0,3
C105,73.8333,13.9083,73.5000,0.8333,0.1111,18,4.0000,48.0000,32.0000,80.0000,0.4000,1.0000,0,3
C106,72.5000,14.5531,75.0000,0.7778,0.1111,18,3.0000,40.0000,16.0000,56.0000,0.2857,1.0000,0,3
C107,76.0000,15.2409,73.0000,0.9333,0.2667,15,3.0000,32.0000,16.0000,48.0000,0.3333,1.0000,0,3
C108,79.5263,15.8408,80.0000,0.8947,0.3158,19,2.0000,24.0000,8.0000,32.0000,0.2500,0.0000,0,3
C109,76.9333,12.1094,77.0000,0.9333,0.1333,15,3.0000,48.0000,8.0000,56.0000,0.1429,0.0000,0,3
C110,81.5500,10.8165,82.5000,0.9500,0.2500,20,3.0000,48.0000,8.0000,56.0000,0.1429,0.0000,0,3
C111,78.5882,13.8115,81.0000,0.8824,0.2353,17,3.0000,48.0000,8.0000,56.0000,0.1429,1.0000,0,3
C112,78.3182,14.2341,81.0000,0.8636,0.1818,22,3.0000,48.0000,8.0000,56.0000,0.1429,0.0000,0,3
C113,77.5000,9.7567,78.0000,1.0000,0.0714,14,4.0000,64.0000,16.0000,80.0000,0.2000,1.0000,0,3
C114,73.4545,12.9951,79.0000,0.7273,0.0909,11,3.0000,40.0000,16.0000,56.0000,0.2857,1.0000,0,3
C115,78.4118,12.2017,80.0000,0.9412,0.0588,17,3.0000,32.0000,16.0000,48.0000,0.3333,1.0000,0,3
C116,78.5455,15.0888,84.0000,0.9091,0.1818,11,3.0000,40.0000,16.0000,56.0000,0.2857,0.0000,0,3
C117,75.1111,13.8694,79.0000,0.8889,0.2222,9,3.0000,32.0000,16.0000,48.0000,0.3333,1.0000,0,3
C118,75.3333,16.9892,77.0000,0.8571,0.1905,21,3.0000,40.0000,16.0000,56.0000,0.2857,1.0000,0,3
C119,78.8571,14.1184,81.0000,0.9048,0.1905,21,2.0000,24.0000,8.0000,32.0000,0.2500,0.0000,0,3
C120,68.6250,12.6379,66.5000,0.8750,0.0625,16,3.0000,48.0000,8.0000,56.0000,0.1429,1.0000,0,3
C121,77.3571,13.9593,75.0000,0.9286,0.2857,14,3.0000,40.0000,16.0000,56.0000,0.2857,1.0000,0,3
C122,74.0000,20.0000,79.0000,0.7273,0.2727,11,3.0000,40.0000,16.0000,56.0000,0.2857,1.0000,0,3
C123,77.5556,12.5610,79.0000,0.8889,0.0000,9,3.0000,40.0000,16.0000,56.0000,0.2857,1.0000,0,3
C124,83.0000,11.7851,82.5000,1.0000,0.3000,10,3.0000,48.0000,8.0000,56.0000,0.1429,0.0000,0,3
C125,76.3636,11.4217,73.0000,1.0000,0.1818,11,3.0000,48.0000,8.0000,56.0000,0.1429,1.0000,0,3
C126,68.1333,14.1162,67.0000,0.6667,0.0667,15,2.0000,24.0000,8.0000,32.0000,0.2500,1.0000,0,3
C127,79.2500,11.9471,76.0000,1.0000,0.2500,16,2.0000,32.0000,0.0000,32.0000,0.0000,0.0000,0,3
C128,74.6875,12.3219,75.5000,0.9375,0.1250,16,3.0000,40.0000,16.0000,56.0000,0.2857,0.0000,0,3
C129,74.7273,11.0008,72.0000,0.9091,0.0909,11,3.0000,32.0000,16.0000,48.0000,0.3333,1.0000,0,3
C130,82.4000,14.5998,86.5000,0.9000,0.3000,10,3.0000,32.0000,16.0000,48.0000,0.3333,1.0000,0,3
C131,81.7000,13.9048,84.5000,0.9000,0.3000,10,2.0000,32.0000,0.0000,32.0000,0.0000,0.0000,0,3
C132,82.0000,14.4222,78.0000,1.0000,0.3333,3,2.0000,32.0000,0.0000,32.0000,0.0000,0.0000,0,3
C133,85.5000,9.6782,85.5000,1.0000,0.5000,4,2.0000,24.0000,8.0000,32.0000,0.2500,0.0000,0,3
C134,74.8000,15.6404,76.0000,0.8000,0.3000,10,3.0000,40.0000,16.0000,56.0000,0.2857,1.0000,0,3
C135,73.7500,15.7560,69.5000,1.0000,0.2500,4,3.0000,32.0000,16.0000,48.0000,0.3333,0.0000,0,3
C136,80.4000,12.5096,77.0000,1.0000,0.3000,10,3.0000,32.0000,16.0000,48.0000,0.3333,0.0000,0,3
C137,83.2000,12.4780,82.0000,1.0000,0.4000,5,3.0000,48.0000,8.0000,56.0000,0.1429,1.0000,0,3
C138,91.6667,5.7735,95.0000,1.0000,0.6667,3,3.0000,32.0000,16.0000,48.0000,0.3333,0.0000,0,3
C139,80.2500,13.7918,80.0000,0.8750,0.2500,8,3.0000,48.0000,8.0000,56.0000,0.1429,1.0000,0,3
C14-C001,80.6800,12.7532,80.0000,1.0000,0.3200,25,4.0000,64.0000,0.0000,64.0000,0.0000,1.0000,0,1
C14-C002,78.8000,11.6476,78.0000,1.0000,0.2400,25,3.0000,48.0000,0.0000,48.0000,0.0000,1.0000,0,1
C14-C003,81.9200,12.1310,81.0000,1.0000,0.3600,25,3.0000,48.0000,0.0000,48.0000,0.0000,1.0000,0,1
C14-C004,80.1200,12.9914,81.0000,1.0000,0.3200,25,2.0000,32.0000,0.0000,32.0000,0.0000,1.0000,0,1
C14-C005,78.2000,11.5145,77.0000,1.0000,0.2000,25,3.0000,48.0000,0.0000,48.0000,0.0000,1.0000,0,1
C14-C006,80.8800,10.7212,80.0000,1.0000,0.2400,25,3.0000,48.0000,0.0000,48.0000,0.0000,1.0000,0,1
C14-C007,83.5600,11.6300,85.0000,1.0000,0.3600,25,3.0000,48.0000,0.0000,48.0000,0.0000,1.0000,0,1
C14-C008,79.2000,13.4907,78.0000,1.0000,0.2400,25,3.0000,48.0000,0.0000,48.0000,0.0000,1.0000,0,1
C14-C009,77.5600,11.6693,76.0000,1.0000,0.2400,25,2.0000,32.0000,0.0000,32.0000,0.0000,1.0000,0,1
C14-C010,79.1600,10.9760,79.0000,1.0000,0.2400,25,2.0000,32.0000,0.0000,32.0000,0.0000,1.0000,0,1
C140,78.1250,17.7477,75.5000,0.8750,0.3750,8,2.0000,24.0000,8.0000,32.0000,0.2500,0.0000,0,3
C141,82.0000,9.1652,80.0000,1.0000,0.3333,3,3.0000,32.0000,16.0000,48.0000,0.3333,1.0000,0,3
C142,76.7500,10.6335,77.0000,1.0000,0.1250,8,3.0000,48.0000,8.0000,56.0000,0.1429,1.0000,0,3
C143,78.0000,14.0000,84.0000,1.0000,0.0000,3,2.0000,32.0000,0.0000,32.0000,0.0000,0.0000,0,3
C144,80.6250,16.0974,83.0000,0.7500,0.3750,8,2.0000,32.0000,0.0000,32.0000,0.0000,1.0000,0,3
C145,76.8889,14.7007,84.0000,0.8889,0.1111,9,3.0000,48.0000,8.0000,56.0000,0.1429,0.0000,0,3
C146,84.0000,11.9304,81.0000,1.0000,0.2857,7,3.0000,48.0000,8.0000,56.0000,0.1429,1.0000,0,3
C147,79.0000,11.8924,78.5000,1.0000,0.2500,8,2.0000,32.0000,0.0000,32.0000,0.0000,0.0000,0,3
C148,76.6667,5.8595,79.0000,1.0000,0.0000,3,3.0000,32.0000,16.0000,48.0000,0.3333,0.0000,0,3
C149,76.8000,15.3199,80.0000,1.0000,0.2000,5,3.0000,48.0000,8.0000,56.0000,0.1429,1.0000,0,3
C150,77.2500,11.1580,80.0000,1.0000,0.1250,8,3.0000,40.0000,16.0000,56.0000,0.2857,0.0000,0,3
C151,75.1429,16.8565,78.0000,0.8571,0.2857,7,2.0000,32.0000,0.0000,32.0000,0.0000,0.0000,0,3
C152,82.2000,13.3400,85.5000,1.0000,0.3000,10,2.0000,24.0000,8.0000,32.0000,0.2500,1.0000,0,3
C153,72.8750,10.9732,75.5000,0.8750,0.0000,8,3.0000,48.0000,8.0000,56.0000,0.1429,1.0000,0,3
C154,88.3333,8.2138,90.5000,1.0000,0.5000,6,3.0000,48.0000,8.0000,56.0000,0.1429,1.0000,0,3
C155,77.8333,21.2924,83.5000,0.6667,0.5000,6,3.0000,40.0000,16.0000,56.0000,0.2857,0.0000,0,3
C156,80.8000,5.0695,80.0000,1.0000,0.0000,5,3.0000,32.0000,16.0000,48.0000,0.3333,0.0000,0,3
C157,67.8333,16.1668,71.5000,0.6667,0.1667,6,2.0000,16.0000,16.0000,32.0000,0.5000,1.0000,0,3
C158,73.2500,14.4078,74.0000,0.7500,0.2500,4,3.0000,40.0000,16.0000,56.0000,0.2857,1.0000,0,3
C159,82.1000,11.2492,83.0000,1.0000,0.4000,10,3.0000,32.0000,16.0000,48.0000,0.3333,0.0000,0,3
C160,68.6000,13.5388,71.0000,0.8000,0.0000,5,2.0000,24.0000,8.0000,32.0000,0.2500,0.0000,0,3
C161,80.7500,4.9917,79.0000,1.0000,0.0000,4,3.0000,32.0000,16.0000,48.0000,0.3333,1.0000,0,3
C162,82.5000,10.5972,79.0000,1.0000,0.3333,6,3.0000,40.0000,16.0000,56.0000,0.2857,1.0000,0,3
C163,88.2000,11.8406,94.0000,1.0000,0.6000,5,3.0000,32.0000,16.0000,48.0000,0.3333,1.0000,0,3
C164,81.5000,6.3482,80.0000,1.0000,0.1667,6,3.0000,40.0000,16.0000,56.0000,0.2857,0.0000,0,3
C165,80.5714,13.6974,77.0000,1.0000,0.2857,7,2.0000,24.0000,8.0000,32.0000,0.2500,0.0000,0,3
C166,73.2500,9.5000,70.5000,1.0000,0.0000,4,2.0000,16.0000,16.0000,32.0000,0.5000,0.0000,0,3
C167,73.2500,17.4310,67.0000,0.7500,0.2500,12,3.0000,40.0000,16.0000,56.0000,0.2857,1.0000,0,3
C168,87.9000,15.1471,94.5000,0.9000,0.6000,10,2.0000,32.0000,0.0000,32.0000,0.0000,0.0000,0,3
C169,71.5000,13.7961,68.0000,1.0000,0.2500,4,3.0000,32.0000,16.0000,48.0000,0.3333,1.0000,0,3
C170,77.0000,14.2688,82.0000,0.8333,0.0000,6,3.0000,32.0000,16.0000,48.0000,0.3333,1.0000,0,3
C171,70.0000,,70.0000,1.0000,0.0000,1,3.0000,40.0000,16.0000,56.0000,0.2857,0.0000,0,3
C172,78.8889,12.5643,81.0000,1.0000,0.1111,9,2.0000,16.0000,16.0000,32.0000,0.5000,0.0000,0,3
C173,80.6250,12.7160,85.0000,1.0000,0.3750,8,3.0000,40.0000,16.0000,56.0000,0.2857,1.0000,0,3
C174,77.7500,10.9512,74.5000,1.0000,0.1250,8,3.0000,48.0000,8.0000,56.0000,0.1429,1.0000,0,3
C175,74.0000,6.5574,70.0000,1.0000,0.0000,5,2.0000,24.0000,8.0000,32.0000,0.2500,0.0000,0,3
C176,85.0000,,85.0000,1.0000,0.0000,1,3.0000,48.0000,8.0000,56.0000,0.1429,1.0000,0,3
C177,80.2500,7.6322,81.5000,1.0000,0.0000,4,3.0000,48.0000,8.0000,56.0000,0.1429,1.0000,0,3
C178,72.0000,6.4807,72.5000,1.0000,0.0000,4,4.0000,56.0000,24.0000,80.0000,0.3000,1.0000,0,3
C179,55.0000,,55.0000,0.0000,0.0000,1,3.0000,32.0000,16.0000,48.0000,0.3333,0.0000,0,3
C180,74.5000,11.7898,74.0000,1.0000,0.0000,4,4.0000,56.0000,24.0000,80.0000,0.3000,1.0000,0,3
C1800001,80.0000,7.2169,80.0000,1.0000,0.2000,25,3.0000,48.0000,0.0000,48.0000,0.0000,1.0000,0,1
C1800002,82.0000,7.2169,82.0000,1.0000,0.2000,25,4.0000,64.0000,0.0000,64.0000,0.0000,1.0000,0,1
C1800003,84.0000,7.2169,84.0000,1.0000,0.2000,25,2.0000,32.0000,0.0000,32.0000,0.0000,1.0000,0,1
C1800004,81.0000,7.2169,81.0000,1.0000,0.2000,25,3.0000,48.0000,0.0000,48.0000,0.0000,1.0000,0,1
C1800005,83.0000,7.2169,83.0000,1.0000,0.2000,25,4.0000,64.0000,0.0000,64.0000,0.0000,1.0000,0,1
C1800006,80.0000,7.2169,80.0000,1.0000,0.2000,25,2.0000,32.0000,0.0000,32.0000,0.0000,1.0000,0,1
C1800007,82.0000,7.2169,82.0000,1.0000,0.2000,25,3.0000,48.0000,0.0000,48.0000,0.0000,0.0000,0,1
C1800008,84.0000,7.2169,84.0000,1.0000,0.2000,25,4.0000,64.0000,0.0000,64.0000,0.0000,0.0000,0,1
C1800009,81.0000,7.2169,81.0000,1.0000,0.2000,25,2.0000,32.0000,0.0000,32.0000,0.0000,0.0000,0,1
C1800010,83.0000,7.2169,83.0000,1.0000,0.2000,25,3.0000,48.0000,0.0000,48.0000,0.0000,0.0000,0,1
C181,78.9231,15.5427,83.0000,0.9231,0.2308,13,3.0000,48.0000,8.0000,56.0000,0.1429,0.0000,0,3
C182,79.8750,16.6848,85.5000,0.8750,0.3750,16,3.0000,40.0000,16.0000,56.0000,0.2857,0.0000,0,3
C183,75.3333,12.3789,77.0000,0.8667,0.2000,15,3.0000,40.0000,16.0000,56.0000,0.2857,1.0000,0,3
C184,77.1053,13.4903,75.0000,0.9474,0.1579,19,2.0000,16.0000,16.0000,32.0000,0.5000,0.0000,0,3
C185,76.5000,7.7828,75.0000,1.0000,0.1250,8,3.0000,40.0000,16.0000,56.0000,0.2857,1.0000,0,3
C186,72.2857,10.0119,75.0000,0.8571,0.0000,7,3.0000,32.0000,16.0000,48.0000,0.3333,1.0000,0,3
C187,80.4000,14.1829,84.5000,1.0000,0.3000,10,3.0000,32.0000,16.0000,48.0000,0.3333,1.0000,0,3
C188,83.4286,23.3085,98.0000,0.7143,0.5714,7,3.0000,32.0000,16.0000,48.0000,0.3333,0.0000,0,3
C189,81.6667,14.1455,88.0000,0.8667,0.3333,15,3.0000,32.0000,16.0000,48.0000,0.3333,0.0000,0,3
C190,79.7143,9.1687,80.0000,1.0000,0.1429,14,2.0000,24.0000,8.0000,32.0000,0.2500,0.0000,0,3
C191,68.2857,16.5097,68.0000,0.7143,0.1429,7,2.0000,16.0000,16.0000,32.0000,0.5000,1.0000,0,3
C192,82.5000,4.5056,83.5000,1.0000,0.0000,6,2.0000,16.0000,16.0000,32.0000,0.5000,1.0000,0,3
C193,74.7500,12.0250,76.5000,0.9375,0.0625,16,3.0000,48.0000,8.0000,56.0000,0.1429,1.0000,0,3
C194,69.6000,12.8686,66.0000,0.8000,0.1000,10,2.0000,16.0000,16.0000,32.0000,0.5000,0.0000,0,3
C195,81.0000,15.5655,81.0000,0.8750,0.3750,8,3.0000,48.0000,8.0000,56.0000,0.1429,1.0000,0,3
C196,71.8333,24.0700,70.0000,0.6667,0.3333,6,3.0000,48.0000,8.0000,56.0000,0.1429,1.0000,0,3
C197,86.0000,1.0954,86.0000,1.0000,0.0000,6,2.0000,16.0000,16.0000,32.0000,0.5000,0.0000,0,3
C198,79.6364,12.4762,76.0000,1.0000,0.1818,11,2.0000,24.0000,8.0000,32.0000,0.2500,0.0000,0,3
C199,76.0769,13.3695,79.0000,0.9231,0.1538,13,2.0000,32.0000,0.0000,32.0000,0.0000,1.0000,0,3
C200,70.4000,12.7201,69.0000,1.0000,0.2000,5,3.0000,48.0000,8.0000,56.0000,0.1429,0.0000,0,3
C201,74.0000,12.6491,73.0000,0.8889,0.1111,9,2.0000,32.0000,0.0000,32.0000,0.0000,0.0000,0,3
C202,75.7000,6.5328,76.5000,1.0000,0.0000,10,3.0000,32.0000,16.0000,48.0000,0.3333,1.0000,0,3
C203,76.1667,12.9603,80.5000,0.9167,0.0833,12,2.0000,16.0000,16.0000,32.0000,0.5000,0.0000,0,3
C204,77.8333,15.9307,80.5000,0.9167,0.3333,12,2.0000,32.0000,0.0000,32.0000,0.0000,0.0000,0,3
CA01,82.2000,8.8365,83.0000,1.0000,0.2000,25,,,,,0.0000,,0,1
CA02,84.2000,8.8365,85.0000,1.0000,0.2800,25,,,,,0.0000,,0,1
CA03,83.6400,8.9623,85.0000,1.0000,0.2800,25,,,,,0.0000,,0,1
CA04,83.0800,8.9206,82.0000,1.0000,0.3200,25,,,,,0.0000,,0,1
CC001,83.2105,9.5078,84.0000,1.0000,0.2105,19,3.0000,32.0000,,,0.0000,1.0000,0,1
CC002,79.7692,11.1868,81.0000,1.0000,0.2692,26,4.0000,44.0000,,,0.0000,1.0000,0,1
CC003,83.0000,10.5534,83.0000,1.0000,0.3529,17,2.0000,43.0000,,,0.0000,1.0000,0,1
CC004,80.6316,10.4733,80.0000,1.0000,0.2632,19,4.0000,48.0000,,,0.0000,1.0000,0,1
CC005,85.9333,11.8531,90.0000,1.0000,0.5333,15,4.0000,64.0000,,,0.0000,1.0000,0,1
CC006,78.0227,12.3749,78.0000,1.0000,0.2045,44,4.0000,42.0000,22.0000,60.0000,0.0000,1.0000,0,1
CC007,80.4595,11.8195,79.0000,1.0000,0.2432,37,3.0000,45.0000,23.0000,62.0000,0.0000,0.0000,0,1
CC008,80.3939,11.9476,80.0000,1.0000,0.2424,33,3.0000,49.0000,24.0000,64.0000,0.0000,0.0000,0,1
CC009,79.5897,11.2991,78.0000,1.0000,0.1795,39,4.0000,41.0000,25.0000,66.0000,0.0000,0.0000,0,1
CC01,0.0000,0.0000,0.0000,0.0000,0.0000,28,4.0000,64.0000,,,0.0000,1.0000,0,1
CC010,80.7778,11.9085,79.0000,1.0000,0.2444,45,4.0000,35.0000,26.0000,68.0000,0.0000,0.0000,0,1
CC02,0.0000,0.0000,0.0000,0.0000,0.0000,28,3.0000,48.0000,,,0.0000,1.0000,0,1
CC03,0.0000,0.0000,0.0000,0.0000,0.0000,31,3.0000,48.0000,,,0.0000,1.0000,0,1
CC04,0.0000,0.0000,0.0000,0.0000,0.0000,26,4.0000,64.0000,,,0.0000,1.0000,0,1
CC05,0.0000,0.0000,0.0000,0.0000,0.0000,26,3.0000,48.0000,,,0.0000,0.0000,0,1
CC06,0.0000,0.0000,0.0000,0.0000,0.0000,28,3.0000,48.0000,,,0.0000,0.0000,0,1
CC07,0.0000,0.0000,0.0000,0.0000,0.0000,16,3.0000,48.0000,,,0.0000,0.0000,0,1
CC08,0.0000,0.0000,0.0000,0.0000,0.0000,23,4.0000,64.0000,,,0.0000,0.0000,0,1
CC09,0.0000,0.0000,0.0000,0.0000,0.0000,20,2.0000,32.0000,,,0.0000,0.0000,0,1
CC10,0.0000,0.0000,0.0000,0.0000,0.0000,24,2.0000,32.0000,,,0.0000,0.0000,0,1
COUA001,78.1333,12.9421,75.0000,1.0000,0.3000,30,4.0000,48.0000,48.0000,96.0000,0.5000,1.0000,0,1
COUA002,78.5238,10.4767,79.0000,1.0000,0.1905,21,2.0000,32.0000,32.0000,64.0000,0.5000,1.0000,0,3
COUA003,81.8462,11.3726,84.0000,1.0000,0.2308,26,3.0000,64.0000,64.0000,128.0000,0.5000,1.0000,0,1
COUA004,82.5652,11.2526,84.0000,1.0000,0.3913,23,4.0000,48.0000,48.0000,96.0000,0.5000,1.0000,0,1
COUA005,81.5000,13.1285,84.0000,1.0000,0.4091,22,4.0000,64.0000,64.0000,128.0000,0.5000,1.0000,0,3
COUA006,80.2083,11.0610,82.0000,1.0000,0.2083,24,4.0000,64.0000,64.0000,128.0000,0.5000,0.0000,0,3
COUA007,79.2381,13.0073,79.0000,1.0000,0.2857,21,3.0000,32.0000,32.0000,64.0000,0.5000,1.0000,0,3
COUA008,78.0968,11.6085,78.0000,1.0000,0.1290,31,2.0000,32.0000,32.0000,64.0000,0.5000,1.0000,0,2
COUA009,78.2400,12.6895,78.0000,1.0000,0.2800,25,3.0000,64.0000,64.0000,128.0000,0.5000,1.0000,0,2
COUA010,79.3704,11.1602,79.0000,1.0000,0.2222,27,3.0000,32.0000,32.0000,64.0000,0.5000,0.0000,0,1
COUB001,77.7727,11.6494,79.0000,1.0000,0.1818,22,2.0000,48.0000,48.0000,96.0000,0.5000,1.0000,0,1
COUB002,82.0000,11.8355,82.5000,1.0000,0.3462,26,3.0000,32.0000,32.0000,64.0000,0.5000,1.0000,0,2
COUB003,80.6522,10.7094,80.0000,1.0000,0.2174,23,2.0000,64.0000,64.0000,128.0000,0.5000,1.0000,0,3
COUB004,82.5556,10.4489,83.0000,1.0000,0.2963,27,3.0000,64.0000,64.0000,128.0000,0.5000,0.0000,0,3
COUB005,77.3333,13.3438,75.5000,1.0000,0.2500,24,4.0000,32.0000,32.0000,64.0000,0.5000,1.0000,0,3
COUB006,83.8800,11.9942,86.0000,1.0000,0.4000,25,2.0000,48.0000,48.0000,96.0000,0.5000,1.0000,0,3
COUB007,78.9630,13.0398,80.0000,1.0000,0.2963,27,2.0000,64.0000,64.0000,128.0000,0.5000,0.0000,0,3
COUB008,78.1364,11.2305,77.5000,1.0000,0.2273,22,2.0000,48.0000,48.0000,96.0000,0.5000,1.0000,0,1
COUB009,80.0000,12.0761,77.0000,1.0000,0.3200,25,3.0000,48.0000,48.0000,96.0000,0.5000,1.0000,0,3
COUB010,79.2759,11.5415,80.0000,1.0000,0.1724,29,4.0000,32.0000,32.0000,64.0000,0.5000,0.0000,0,2
COUC001,82.5200,12.4134,86.0000,1.0000,0.3600,25,3.0000,32.0000,32.0000,64.0000,0.5000,1.0000,0,2
COUC002,82.1739,12.1231,88.0000,1.0000,0.3913,23,3.0000,32.0000,32.0000,64.0000,0.5000,1.0000,0,3
COUC003,81.8800,12.4811,83.0000,1.0000,0.3200,25,2.0000,64.0000,64.0000,128.0000,0.5000,0.0000,0,3
COUC004,78.8889,12.7108,79.0000,1.0000,0.2593,27,2.0000,48.0000,48.0000,96.0000,0.5000,1.0000,0,3
COUC005,82.0714,12.2865,82.0000,1.0000,0.3929,28,2.0000,48.0000,48.0000,96.0000,0.5000,1.0000,0,3
COUC006,83.4286,11.1156,81.0000,1.0000,0.4286,21,4.0000,48.0000,48.0000,96.0000,0.5000,1.0000,0,2
COUC007,81.2609,14.4103,86.0000,1.0000,0.3478,23,4.0000,32.0000,32.0000,64.0000,0.5000,1.0000,0,3
COUC008,81.3462,12.4706,78.0000,1.0000,0.3846,26,2.0000,32.0000,32.0000,64.0000,0.5000,0.0000,0,1
COUC009,77.4839,9.9962,77.0000,1.0000,0.1290,31,4.0000,48.0000,48.0000,96.0000,0.5000,1.0000,0,1
COUC010,75.9048,12.3608,74.0000,1.0000,0.1905,21,4.0000,48.0000,48.0000,96.0000,0.5000,0.0000,0,3
CP001,83.6400,8.9994,83.0000,1.0000,0.3600,25,,,,,0.0000,,0,1
CP002,85.4800,9.1384,85.0000,1.0000,0.4000,25,,,,,0.0000,,0,1
CP003,84.7600,9.6880,85.0000,1.0000,0.3200,25,,,,,0.0000,,0,1
CP004,84.0400,9.9561,82.0000,1.0000,0.3200,25,,,,,0.0000,,0,1
CP005,82.0400,9.6500,81.0000,1.0000,0.2800,25,,,,,0.0000,,0,1
CP006,81.4800,9.1566,82.0000,1.0000,0.2400,25,,,,,0.0000,,0,1
CS101,74.0000,16.0199,78.0000,0.7391,0.1739,23,4.0000,64.0000,0.0000,64.0000,0.0000,1.0000,0,1
CS102,74.8889,15.5101,77.0000,0.7407,0.2222,27,4.0000,64.0000,0.0000,64.0000,0.0000,1.0000,0,1
CS103,76.8148,14.0768,76.0000,0.8519,0.2593,27,3.0000,48.0000,0.0000,48.0000,0.0000,0.0000,0,1
CS104,72.4839,15.8027,72.0000,0.6774,0.1935,31,4.0000,64.0000,0.0000,64.0000,0.0000,1.0000,0,1
CS105,76.6154,12.9586,78.0000,0.8846,0.2308,26,3.0000,48.0000,0.0000,48.0000,0.0000,0.0000,0,1
CS106,74.5185,13.5316,72.0000,0.8889,0.1481,27,3.0000,48.0000,0.0000,48.0000,0.0000,0.0000,0,1
CS107,75.4348,13.4733,76.0000,0.8261,0.1739,23,2.0000,32.0000,0.0000,32.0000,0.0000,1.0000,0,1
CS108,72.9524,14.3160,78.0000,0.7619,0.1429,21,4.0000,64.0000,0.0000,64.0000,0.0000,0.0000,0,1
CS109,71.9000,12.6902,69.0000,0.8500,0.1500,20,3.0000,48.0000,0.0000,48.0000,0.0000,1.0000,0,1
CS110,74.2800,13.7886,75.0000,0.8400,0.2000,25,4.0000,64.0000,0.0000,64.0000,0.0000,0.0000,0,1
C_A001,90.0000,0.0000,90.0000,1.0000,1.0000,50,4.0000,48.0000,16.0000,64.0000,0.2500,1.0000,0,1
C_A002,85.0000,0.0000,85.0000,1.0000,0.0000,50,3.0000,48.0000,0.0000,48.0000,0.0000,1.0000,0,1
C_A003,88.0000,0.0000,88.0000,1.0000,0.0000,50,4.0000,48.0000,16.0000,64.0000,0.2500,1.0000,0,1
C_A004,92.0000,0.0000,92.0000,1.0000,1.0000,50,3.0000,40.0000,8.0000,48.0000,0.1667,0.0000,0,1
C_A005,80.0000,0.0000,80.0000,1.0000,0.0000,50,4.0000,48.0000,16.0000,64.0000,0.2500,0.0000,0,1
C_C001,76.2174,12.6130,76.0000,1.0000,0.2174,23,4.0000,64.0000,,,0.0000,1.0000,0,1
C_C002,81.6154,11.8797,80.5000,1.0000,0.4231,26,4.0000,72.0000,,,0.0000,1.0000,0,1
C_C003,76.0455,9.2401,74.0000,1.0000,0.0455,22,3.0000,64.0000,,,0.0000,1.0000,0,1
C_C004,79.3182,11.9697,78.0000,1.0000,0.2273,22,5.0000,80.0000,,,0.0000,1.0000,0,1
C_C005,77.3043,10.7510,73.0000,1.0000,0.1739,23,3.0000,48.0000,,,0.0000,0.0000,0,1
C_C006,78.9310,12.0651,76.0000,1.0000,0.2069,29,3.0000,48.0000,,,0.0000,1.0000,0,1
C_C007,76.4643,11.0671,74.5000,1.0000,0.1429,28,4.0000,64.0000,,,0.0000,1.0000,0,1
C_C008,77.8519,11.4613,77.0000,1.0000,0.2593,27,4.0000,72.0000,,,0.0000,0.0000,0,1
C_C009,79.2692,12.6287,78.0000,1.0000,0.2308,26,4.0000,64.0000,,,0.0000,0.0000,0,1
C_C010,81.9167,13.7396,82.0000,1.0000,0.4167,24,3.0000,48.0000,,,0.0000,1.0000,0,1
EE01,76.4074,12.6347,75.0000,0.8889,0.1852,27,3.0000,48.0000,0.0000,48.0000,0.0000,1.0000,0,1
EE02,76.2727,11.9650,77.5000,0.9091,0.1364,22,3.0000,48.0000,0.0000,48.0000,0.0000,1.0000,0,1
EE03,71.0000,12.8605,68.5000,0.8333,0.0833,24,4.0000,64.0000,0.0000,64.0000,0.0000,0.0000,0,1
EE04,73.6250,14.4638,77.0000,0.7500,0.1250,24,2.0000,32.0000,0.0000,32.0000,0.0000,1.0000,0,1
EE05,75.3600,10.3798,72.0000,0.9600,0.1600,25,4.0000,64.0000,0.0000,64.0000,0.0000,0.0000,0,1
EE06,74.1500,15.6450,74.5000,0.7500,0.2500,20,3.0000,48.0000,0.0000,48.0000,0.0000,1.0000,0,1
EE07,74.1739,13.3643,75.0000,0.8261,0.1739,23,3.0000,48.0000,0.0000,48.0000,0.0000,0.0000,0,1
EE08,70.5484,14.6261,70.0000,0.6452,0.1613,31,4.0000,64.0000,0.0000,64.0000,0.0000,0.0000,0,1
EE09,79.1739,14.7576,83.0000,0.9130,0.2609,23,2.0000,32.0000,0.0000,32.0000,0.0000,1.0000,0,1
EE10,81.0323,12.7187,82.0000,0.9355,0.3548,31,3.0000,48.0000,0.0000,48.0000,0.0000,0.0000,0,1
G5A-C001,0.0000,0.0000,0.0000,0.0000,0.0000,25,4.0000,64.0000,0.0000,64.0000,0.0000,1.0000,0,1
G5A-C002,0.0000,0.0000,0.0000,0.0000,0.0000,25,3.0000,48.0000,0.0000,48.0000,0.0000,1.0000,0,1
G5A-C003,0.0000,0.0000,0.0000,0.0000,0.0000,25,3.0000,48.0000,0.0000,48.0000,0.0000,1.0000,0,1
G5A-C004,0.0000,0.0000,0.0000,0.0000,0.0000,25,3.0000,48.0000,0.0000,48.0000,0.0000,1.0000,0,1
G5A-C005,0.0000,0.0000,0.0000,0.0000,0.0000,25,3.0000,48.0000,0.0000,48.0000,0.0000,1.0000,0,1
G5A-C006,0.0000,0.0000,0.0000,0.0000,0.0000,25,3.0000,48.0000,0.0000,48.0000,0.0000,0.0000,0,1
G5A-C007,0.0000,0.0000,0.0000,0.0000,0.0000,25,2.0000,40.0000,0.0000,40.0000,0.0000,0.0000,0,1
G5A-C008,0.0000,0.0000,0.0000,0.0000,0.0000,25,3.0000,56.0000,0.0000,56.0000,0.0000,0.0000,0,1
G5A-C009,0.0000,0.0000,0.0000,0.0000,0.0000,25,3.0000,48.0000,0.0000,48.0000,0.0000,0.0000,0,1
G5A-C010,0.0000,0.0000,0.0000,0.0000,0.0000,25,2.0000,40.0000,0.0000,40.0000,0.0000,0.0000,0,1
G5B-C001,0.0000,0.0000,0.0000,0.0000,0.0000,25,4.0000,64.0000,0.0000,64.0000,0.0000,1.0000,0,1
G5B-C002,0.0000,0.0000,0.0000,0.0000,0.0000,25,3.0000,48.0000,0.0000,48.0000,0.0000,1.0000,0,1
G5B-C003,0.0000,0.0000,0.0000,0.0000,0.0000,25,3.0000,48.0000,0.0000,48.0000,0.0000,1.0000,0,1
G5B-C004,0.0000,0.0000,0.0000,0.0000,0.0000,25,3.0000,48.0000,0.0000,48.0000,0.0000,1.0000,0,1
G5B-C005,0.0000,0.0000,0.0000,0.0000,0.0000,25,3.0000,48.0000,0.0000,48.0000,0.0000,1.0000,0,1
G5B-C006,0.0000,0.0000,0.0000,0.0000,0.0000,25,3.0000,48.0000,0.0000,48.0000,0.0000,0.0000,0,1
G5B-C007,0.0000,0.0000,0.0000,0.0000,0.0000,25,2.0000,40.0000,0.0000,40.0000,0.0000,0.0000,0,1
G5B-C008,0.0000,0.0000,0.0000,0.0000,0.0000,25,3.0000,56.0000,0.0000,56.0000,0.0000,0.0000,0,1
G5B-C009,0.0000,0.0000,0.0000,0.0000,0.0000,25,3.0000,48.0000,0.0000,48.0000,0.0000,0.0000,0,1
G5B-C010,0.0000,0.0000,0.0000,0.0000,0.0000,25,2.0000,40.0000,0.0000,40.0000,0.0000,0.0000,0,1
G5C-C001,0.0000,0.0000,0.0000,0.0000,0.0000,25,4.0000,64.0000,0.0000,64.0000,0.0000,1.0000,0,1
G5C-C002,0.0000,0.0000,0.0000,0.0000,0.0000,25,3.0000,48.0000,0.0000,48.0000,0.0000,1.0000,0,1
G5C-C003,0.0000,0.0000,0.0000,0.0000,0.0000,25,3.0000,48.0000,0.0000,48.0000,0.0000,1.0000,0,1
G5C-C004,0.0000,0.0000,0.0000,0.0000,0.0000,25,3.0000,48.0000,0.0000,48.0000,0.0000,1.0000,0,1
G5C-C005,0.0000,0.0000,0.0000,0.0000,0.0000,25,3.0000,48.0000,0.0000,48.0000,0.0000,1.0000,0,1
G5C-C006,0.0000,0.0000,0.0000,0.0000,0.0000,25,3.0000,48.0000,0.0000,48.0000,0.0000,0.0000,0,1
G5C-C007,0.0000,0.0000,0.0000,0.0000,0.0000,25,2.0000,40.0000,0.0000,40.0000,0.0000,0.0000,0,1
G5C-C008,0.0000,0.0000,0.0000,0.0000,0.0000,25,3.0000,56.0000,0.0000,56.0000,0.0000,0.0000,0,1
G5C-C009,0.0000,0.0000,0.0000,0.0000,0.0000,25,3.0000,48.0000,0.0000,48.0000,0.0000,0.0000,0,1
G5C-C010,0.0000,0.0000,0.0000,0.0000,0.0000,25,2.0000,40.0000,0.0000,40.0000,0.0000,0.0000,0,1
MA01,74.3000,11.8991,74.5000,0.8500,0.0500,20,5.0000,80.0000,0.0000,80.0000,0.0000,1.0000,0,1
MA02,72.8148,14.0577,74.0000,0.7407,0.1481,27,3.0000,48.0000,0.0000,48.0000,0.0000,1.0000,0,1
MA03,72.5600,14.4542,66.0000,0.7600,0.2000,25,3.0000,48.0000,0.0000,48.0000,0.0000,0.0000,0,1
MA04,75.4231,13.2489,77.5000,0.8077,0.1538,26,5.0000,80.0000,0.0000,80.0000,0.0000,1.0000,0,1
MA05,76.4000,14.4308,80.0000,0.8333,0.2333,30,2.0000,32.0000,0.0000,32.0000,0.0000,0.0000,0,1
MA06,76.0385,11.3929,74.0000,0.8846,0.1154,26,3.0000,48.0000,0.0000,48.0000,0.0000,0.0000,0,1
MA07,70.0000,15.1284,67.5000,0.6250,0.2083,24,3.0000,48.0000,0.0000,48.0000,0.0000,1.0000,0,1
MA08,72.1429,13.1844,73.0000,0.7619,0.0952,21,2.0000,32.0000,0.0000,32.0000,0.0000,0.0000,0,1
MA09,71.5417,14.9229,72.5000,0.7083,0.1250,24,2.0000,32.0000,0.0000,32.0000,0.0000,0.0000,0,1
MA10,73.4444,14.9212,74.0000,0.7037,0.2222,27,3.0000,48.0000,0.0000,48.0000,0.0000,1.0000,0,1
P001,83.6400,8.9994,83.0000,1.0000,0.3600,25,4.0000,64.0000,0.0000,64.0000,0.0000,1.0000,0,1
P002,85.4800,9.1384,85.0000,1.0000,0.4000,25,3.0000,48.0000,0.0000,48.0000,0.0000,1.0000,0,1
P003,84.7600,9.6880,85.0000,1.0000,0.3200,25,5.0000,80.0000,0.0000,80.0000,0.0000,1.0000,0,1
P004,84.0400,9.9561,82.0000,1.0000,0.3200,25,3.0000,48.0000,0.0000,48.0000,0.0000,1.0000,0,1
P005,82.0400,9.6500,81.0000,1.0000,0.2800,25,3.0000,48.0000,0.0000,48.0000,0.0000,1.0000,0,1
P006,81.4800,9.1566,82.0000,1.0000,0.2400,25,3.0000,48.0000,0.0000,48.0000,0.0000,1.0000,0,1
SHR001,79.8933,11.3704,80.0000,1.0000,0.3200,75,2.0000,33.0000,17.0000,50.0000,0.3400,1.0000,0,1
SHR002,74.7867,10.3588,71.0000,1.0000,0.1733,75,3.0000,34.0000,18.0000,52.0000,0.3462,1.0000,0,1
SHR003,75.1467,10.5083,72.0000,1.0000,0.1600,75,4.0000,35.0000,19.0000,54.0000,0.3519,1.0000,0,1
SHR004,75.5067,10.6166,73.0000,1.0000,0.1467,75,2.0000,36.0000,20.0000,56.0000,0.3571,1.0000,0,1
SHR005,75.8667,10.6851,74.0000,1.0000,0.1333,75,3.0000,37.0000,21.0000,58.0000,0.3621,1.0000,0,1
SW01,82.2000,8.8365,83.0000,1.0000,0.2000,25,3.0000,48.0000,0.0000,48.0000,0.0000,0.0000,0,1
SW02,84.2000,8.8365,85.0000,1.0000,0.2800,25,2.0000,32.0000,0.0000,32.0000,0.0000,0.0000,0,1
SW03,83.6400,8.9623,85.0000,1.0000,0.2800,25,2.0000,32.0000,0.0000,32.0000,0.0000,0.0000,0,1
SW04,83.0800,8.9206,82.0000,1.0000,0.3200,25,2.0000,32.0000,0.0000,32.0000,0.0000,0.0000,0,1
